symbol,name,exchange,sector
20MICRONS.NS,20 Microns Limited,NSE,Basic Materials
21STCENMGM.NS,21st Century Management Services Limited,NSE,Financial Services
360ONE.NS,360 ONE WAM LIMITED,NSE,Financial Services
3IINFOLTD.NS,3i Infotech Limited,NSE,Technology
3MINDIA.NS,3M India Limited,NSE,Industrials
3PLAND.NS,3P Land Holdings Limited,NSE,Unknown
5PAISA.NS,5Paisa Capital Limited,NSE,Financial Services
63MOONS.NS,63 moons technologies limited,NSE,Technology
A2ZINFRA.NS,A2Z Infra Engineering Limited,NSE,Industrials
AAATECH.NS,AAA Technologies Limited,NSE,Technology
AADHARHFC.NS,Aadhar Housing Finance Limited,NSE,Financial Services
AAKASH.NS,Aakash Exploration Services Limited,NSE,Energy
AAREYDRUGS.NS,Aarey Drugs & Pharmaceuticals Limited,NSE,Healthcare
AARON.NS,Aaron Industries Limited,NSE,Industrials
AARTECH.NS,Aartech Solonics Limited,NSE,Industrials
AARTIDRUGS.NS,Aarti Drugs Limited,NSE,Healthcare
AARTIIND.NS,Aarti Industries Limited,NSE,Basic Materials
AARTIPHARM.NS,Aarti Pharmalabs Limited,NSE,Healthcare
AARTISURF.NS,Aarti Surfactants Limited,NSE,Basic Materials
AARVI.NS,Aarvi Encon Limited,NSE,Industrials
AAVAS.NS,Aavas Financiers Limited,NSE,Financial Services
ABAN.NS,Aban Offshore Limited,NSE,Energy
ABB.NS,ABB India Limited,NSE,Industrials
ABBOTINDIA.NS,Abbott India Limited,NSE,Healthcare
ABCAPITAL.NS,Aditya Birla Capital Limited,NSE,Financial Services
ABCOTS.NS,A B Cotspin India Limited,NSE,Consumer Cyclical
ABDL.NS,Allied Blenders and Distillers Limited,NSE,Consumer Defensive
ABFRL.NS,Aditya Birla Fashion and Retail Limited,NSE,Consumer Cyclical
ABINFRA.NS,A B Infrabuild Limited,NSE,Industrials
ABLBL.NS,Aditya Birla Lifestyle Brands Limited,NSE,Consumer Cyclical
ABMINTLLTD.NS,ABM International Limited,NSE,Basic Materials
ABREL.NS,Aditya Birla Real Estate Limited,NSE,Basic Materials
ABSLAMC.NS,Aditya Birla Sun Life AMC Limited,NSE,Financial Services
ACC.NS,ACC Limited,NSE,Basic Materials
ACCELYA.NS,Accelya Solutions India Limited,NSE,Technology
ACCURACY.NS,Accuracy Shipping Limited,NSE,Industrials
ACE.NS,Action Construction Equipment Limited,NSE,Industrials
ACEINTEG.NS,Ace Integrated Solutions Limited,NSE,Industrials
ACI.NS,Archean Chemical Industries Limited,NSE,Basic Materials
ACL.NS,Andhra Cements Limited,NSE,Basic Materials
ACLGATI.NS,Allcargo Gati Limited,NSE,Industrials
ACMESOLAR.NS,Acme Solar Holdings Limited,NSE,Utilities
ACUTAAS.NS,Acutaas Chemicals Limited,NSE,Basic Materials
ADANIENSOL.NS,Adani Energy Solutions Limited,NSE,Utilities
ADANIENT.NS,Adani Enterprises Limited,NSE,Energy
ADANIGREEN.NS,Adani Green Energy Limited,NSE,Utilities
ADANIPORTS.NS,Adani Ports and Special Economic Zone Limited,NSE,Industrials
ADANIPOWER.NS,Adani Power Limited,NSE,Utilities
ADFFOODS.NS,ADF Foods Limited,NSE,Consumer Defensive
ADL.NS,Archidply Decor Limited,NSE,Consumer Cyclical
ADOR.NS,Ador Welding Limited,NSE,Industrials
ADROITINFO.NS,Adroit Infotech Limited,NSE,Technology
ADSL.NS,Allied Digital Services Limited,NSE,Technology
ADVANCE.NS,Advance Agrolife Limited,NSE,Basic Materials
ADVANIHOTR.NS,Advani Hotels & Resorts (India) Limited,NSE,Consumer Cyclical
ADVENZYMES.NS,Advanced Enzyme Technologies Limited,NSE,Basic Materials
AEGISLOG.NS,Aegis Logistics Limited,NSE,Energy
AEGISVOPAK.NS,Aegis Vopak Terminals Limited,NSE,Energy
AEROENTER.NS,Aeroflex Enterprises Limited,NSE,Basic Materials
AEROFLEX.NS,Aeroflex Industries Limited,NSE,Industrials
AERONEU.NS,Aeroflex Neu Limited,NSE,Consumer Cyclical
AETHER.NS,Aether Industries Limited,NSE,Basic Materials
AFCONS.NS,Afcons Infrastructure Limited,NSE,Industrials
AFFLE.NS,Affle 3i Limited,NSE,Communication Services
AFFORDABLE.NS,Affordable Robotic & Automation Limited,NSE,Industrials
AFIL.NS,Akme Fintrade (India) Limited,NSE,Financial Services
AFSL.NS,Abans Financial Services Limited,NSE,Financial Services
AGARIND.NS,Agarwal Industrial Corporation Limited,NSE,Basic Materials
AGARWALEYE.NS,Dr. Agarwal's Health Care Limited,NSE,Healthcare
AGI.NS,AGI Greenpac Limited,NSE,Consumer Cyclical
AGIIL.NS,Agi Infra Limited,NSE,Real Estate
AGRITECH.NS,Agri-Tech (India) Limited,NSE,Consumer Defensive
AGROPHOS.NS,Agro Phos India Limited,NSE,Basic Materials
AGSTRA.NS,AGS Transact Technologies Limited,NSE,Technology
AHCL.NS,Anlon Healthcare Limited,NSE,Healthcare
AHLADA.NS,Ahlada Engineers Limited,NSE,Industrials
AHLEAST.NS,Asian Hotels (East) Limited,NSE,Consumer Cyclical
AHLUCONT.NS,Ahluwalia Contracts (India) Limited,NSE,Industrials
AIAENG.NS,AIA Engineering Limited,NSE,Industrials
AIIL.NS,Authum Investment & Infrastructure Limited,NSE,Financial Services
AIRAN.NS,Airan Limited,NSE,Technology
AIROLAM.NS,Airo Lam limited,NSE,Consumer Cyclical
AJANTPHARM.NS,Ajanta Pharma Limited,NSE,Healthcare
AJAXENGG.NS,Ajax Engineering Limited,NSE,Industrials
AJMERA.NS,Ajmera Realty & Infra India Limited,NSE,Real Estate
AJOONI.NS,Ajooni Biotech Limited,NSE,Consumer Defensive
AKASH.NS,Akash Infra-Projects Limited,NSE,Industrials
AKG.NS,Akg Exim Limited,NSE,Industrials
AKI.NS,AKI India Limited,NSE,Consumer Cyclical
AKSHAR.NS,Akshar Spintex Limited,NSE,Consumer Cyclical
AKSHARCHEM.NS,AksharChem India Limited,NSE,Basic Materials
AKSHOPTFBR.NS,Aksh Optifibre Limited,NSE,Technology
AKUMS.NS,Akums Drugs and Pharmaceuticals Limited,NSE,Healthcare
AKZOINDIA.NS,Akzo Nobel India Limited,NSE,Basic Materials
ALANKIT.NS,Alankit Limited,NSE,Technology
ALBERTDAVD.NS,Albert David Limited,NSE,Healthcare
ALEMBICLTD.NS,Alembic Limited,NSE,Real Estate
ALICON.NS,Alicon Castalloy Limited,NSE,Industrials
ALIVUS.NS,Alivus Life Sciences Limited,NSE,Healthcare
ALKALI.NS,Alkali Metals Limited,NSE,Basic Materials
ALKEM.NS,Alkem Laboratories Limited,NSE,Healthcare
ALKYLAMINE.NS,Alkyl Amines Chemicals Limited,NSE,Basic Materials
ALLCARGO.NS,Allcargo Logistics Limited,NSE,Industrials
ALLDIGI.NS,Alldigi Tech Limited,NSE,Industrials
ALLTIME.NS,All Time Plastics Limited,NSE,Consumer Defensive
ALMONDZ.NS,Almondz Global Securities Limited,NSE,Financial Services
ALOKINDS.NS,Alok Industries Limited,NSE,Consumer Cyclical
ALPA.NS,Alpa Laboratories Limited,NSE,Healthcare
ALPHAGEO.NS,Alphageo (India) Limited,NSE,Energy
ALPSINDUS.NS,Alps Industries Limited,NSE,Consumer Cyclical
AMANTA.NS,Amanta Healthcare Limited,NSE,Healthcare
AMBER.NS,Amber Enterprises India Limited,NSE,Consumer Cyclical
AMBICAAGAR.NS,Ambica Agarbathies & Aroma industries Limited,NSE,Consumer Defensive
AMBIKCO.NS,Ambika Cotton Mills Limited,NSE,Consumer Cyclical
AMBUJACEM.NS,Ambuja Cements Limited,NSE,Basic Materials
AMDIND.NS,AMD Industries Limited,NSE,Consumer Cyclical
AMJLAND.NS,Amj Land Holdings Limited,NSE,Real Estate
AMNPLST.NS,Amines & Plasticizers Limited,NSE,Basic Materials
AMRUTANJAN.NS,Amrutanjan Health Care Limited,NSE,Healthcare
ANANDRATHI.NS,Anand Rathi Wealth Limited,NSE,Financial Services
ANANTRAJ.NS,Anant Raj Limited,NSE,Real Estate
ANDHRAPAP.NS,ANDHRA PAPER LIMITED,NSE,Basic Materials
ANDHRSUGAR.NS,The Andhra Sugars Limited,NSE,Basic Materials
ANGELONE.NS,Angel One Limited,NSE,Financial Services
ANIKINDS.NS,Anik Industries Limited,NSE,Consumer Defensive
ANKITMETAL.NS,Ankit Metal & Power Limited,NSE,Basic Materials
ANMOL.NS,Anmol India Limited,NSE,Energy
ANSALAPI.NS,Ansal Properties & Infrastructure Limited,NSE,Real Estate
ANTELOPUS.NS,Antelopus Selan Energy Limited,NSE,Energy
ANTGRAPHIC.NS,Antarctica Limited,NSE,Consumer Cyclical
ANTHEM.NS,Anthem Biosciences Limited,NSE,Healthcare
ANUHPHR.NS,Anuh Pharma Limited,NSE,Healthcare
ANUP.NS,The Anup Engineering Limited,NSE,Industrials
ANURAS.NS,Anupam Rasayan India Limited,NSE,Basic Materials
APARINDS.NS,Apar Industries Limited,NSE,Industrials
APCL.NS,Anjani Portland Cement Limited,NSE,Basic Materials
APCOTEXIND.NS,Apcotex Industries Limited,NSE,Basic Materials
APEX.NS,Apex Frozen Foods Limited,NSE,Consumer Defensive
APLAPOLLO.NS,APL Apollo Tubes Limited,NSE,Basic Materials
APLLTD.NS,Alembic Pharmaceuticals Limited,NSE,Healthcare
APOLLO.NS,Apollo Micro Systems Limited,NSE,Industrials
APOLLOHOSP.NS,Apollo Hospitals Enterprise Limited,NSE,Healthcare
APOLLOPIPE.NS,Apollo Pipes Limited,NSE,Industrials
APOLLOTYRE.NS,Apollo Tyres Limited,NSE,Consumer Cyclical
APOLSINHOT.NS,Apollo Sindoori Hotels Limited,NSE,Industrials
APTECHT.NS,Aptech Limited,NSE,Consumer Defensive
APTUS.NS,Aptus Value Housing Finance India Limited,NSE,Financial Services
ARCHIDPLY.NS,Archidply Industries Limited,NSE,Basic Materials
ARCHIES.NS,Archies Limited,NSE,Consumer Cyclical
ARE&M.NS,Amara Raja Energy & Mobility Limited,NSE,Industrials
ARENTERP.NS,Rajdarshan Industries Limited,NSE,Basic Materials
ARFIN.NS,Arfin India Limited,NSE,Basic Materials
ARIES.NS,Aries Agro Limited,NSE,Basic Materials
ARIHANTCAP.NS,Arihant Capital Markets Limited,NSE,Financial Services
ARIHANTSUP.NS,Arihant Superstructures Limited,NSE,Real Estate
ARISINFRA.NS,Arisinfra Solutions Limited,NSE,Industrials
ARKADE.NS,Arkade Developers Limited,NSE,Real Estate
ARMANFIN.NS,Arman Financial Services Limited,NSE,Financial Services
AROGRANITE.NS,Aro Granite Industries Limited,NSE,Industrials
ARROWGREEN.NS,Arrow Greentech Limited,NSE,Consumer Cyclical
ARSHIYA.NS,Arshiya Limited,NSE,Industrials
ARSSBL.NS,Anand Rathi Share and Stock Brokers Limited,NSE,Financial Services
ARTEMISMED.NS,Artemis Medicare Services Limited,NSE,Unknown
ARTNIRMAN.NS,Art Nirman Limited,NSE,Real Estate
ARVEE.NS,Arvee Laboratories (India) Limited,NSE,Basic Materials
ARVIND.NS,Arvind Limited,NSE,Consumer Cyclical
ARVINDFASN.NS,Arvind Fashions Limited,NSE,Consumer Cyclical
ARVSMART.NS,Arvind SmartSpaces Limited,NSE,Real Estate
ASAHIINDIA.NS,Asahi India Glass Limited,NSE,Consumer Cyclical
ASAHISONG.NS,Asahi Songwon Colors Limited,NSE,Basic Materials
ASAL.NS,Automotive Stampings and Assemblies Limited,NSE,Consumer Cyclical
ASALCBR.NS,Associated Alcohols & Breweries Ltd.,NSE,Consumer Defensive
ASHAPURMIN.NS,Ashapura Minechem Limited,NSE,Basic Materials
ASHIANA.NS,Ashiana Housing Limited,NSE,Real Estate
ASHIMASYN.NS,Ashima Limited,NSE,Real Estate
ASHOKA.NS,Ashoka Buildcon Limited,NSE,Industrials
ASHOKAMET.NS,Ashoka Metcast Limited,NSE,Basic Materials
ASHOKLEY.NS,Ashok Leyland Limited,NSE,Industrials
ASIANENE.NS,Asian Energy Services Limited,NSE,Energy
ASIANHOTNR.NS,Asian Hotels (North) Limited,NSE,Consumer Cyclical
ASIANPAINT.NS,Asian Paints Limited,NSE,Basic Materials
ASIANTILES.NS,Asian Granito India Limited,NSE,Industrials
ASKAUTOLTD.NS,ASK Automotive Limited,NSE,Consumer Cyclical
ASMS.NS,Bartronics India Limited,NSE,Technology
ASPINWALL.NS,Aspinwall and Company Limited,NSE,Consumer Defensive
ASTEC.NS,Astec LifeSciences Limited,NSE,Basic Materials
ASTERDM.NS,Aster DM Healthcare Limited,NSE,Healthcare
ASTRAL.NS,Astral Limited,NSE,Industrials
ASTRAMICRO.NS,Astra Microwave Products Limited,NSE,Technology
ASTRAZEN.NS,AstraZeneca Pharma India Limited,NSE,Healthcare
ASTRON.NS,Astron Paper & Board Mill Limited,NSE,Basic Materials
ATALREAL.NS,Atal Realtech Limited,NSE,Industrials
ATAM.NS,Atam Valves Limited,NSE,Industrials
ATGL.NS,Adani Total Gas Limited,NSE,Utilities
ATHERENERG.NS,Ather Energy Limited,NSE,Consumer Cyclical
ATL.NS,Allcargo Terminals Limited,NSE,Industrials
ATLANTAA.NS,ATLANTAA LIMITED,NSE,Industrials
ATLANTAELE.NS,Atlanta Electricals Limited,NSE,Industrials
ATLASCYCLE.NS,Atlas Cycles (Haryana) Limited,NSE,Consumer Cyclical
ATUL.NS,Atul Limited,NSE,Basic Materials
ATULAUTO.NS,Atul Auto Limited,NSE,Consumer Cyclical
AUBANK.NS,AU Small Finance Bank Limited,NSE,Financial Services
AURIGROW.NS,Auri Grow India Limited,NSE,Industrials
AURIONPRO.NS,Aurionpro Solutions Limited,NSE,Technology
AUROPHARMA.NS,Aurobindo Pharma Limited,NSE,Healthcare
AURUM.NS,Aurum PropTech Limited,NSE,Real Estate
AUSOMENT.NS,Ausom Enterprise Limited,NSE,Financial Services
AUTOAXLES.NS,Automotive Axles Limited,NSE,Consumer Cyclical
AUTOIND.NS,Autoline Industries Limited,NSE,Consumer Cyclical
AVADHSUGAR.NS,Avadh Sugar & Energy Limited,NSE,Consumer Defensive
AVALON.NS,Avalon Technologies Limited,NSE,Technology
AVANTEL.NS,Avantel Limited,NSE,Technology
AVANTIFEED.NS,Avanti Feeds Limited,NSE,Consumer Defensive
AVG.NS,AVG Logistics Limited,NSE,Industrials
AVL.NS,Aditya Vision Limited,NSE,Consumer Cyclical
AVONMORE.NS,Avonmore Capital & Management Services Limited,NSE,Financial Services
AVROIND.NS,AVRO INDIA LIMITED,NSE,Consumer Cyclical
AVTNPL.NS,AVT Natural Products Limited,NSE,Basic Materials
AWFIS.NS,Awfis Space Solutions Limited,NSE,Industrials
AWHCL.NS,Antony Waste Handling Cell Limited,NSE,Industrials
AWL.NS,AWL Agri Business Limited,NSE,Consumer Defensive
AXISBANK.NS,Axis Bank Limited,NSE,Financial Services
AXISCADES.NS,AXISCADES Technologies Limited,NSE,Industrials
AXITA.NS,Axita Cotton Limited,NSE,Consumer Cyclical
AYMSYNTEX.NS,AYM Syntex Limited,NSE,Consumer Cyclical
AZAD.NS,Azad Engineering Limited,NSE,Industrials
BAFNAPH.NS,Bafna Pharmaceuticals Limited,NSE,Healthcare
BAGFILMS.NS,B.A.G Films and Media Limited,NSE,Communication Services
BAIDFIN.NS,Baid Finserv Limited,NSE,Financial Services
BAJAJ-AUTO.NS,Bajaj Auto Limited,NSE,Consumer Cyclical
BAJAJCON.NS,Bajaj Consumer Care Limited,NSE,Consumer Defensive
BAJAJELEC.NS,Bajaj Electricals Limited,NSE,Consumer Cyclical
BAJAJFINSV.NS,Bajaj Finserv Limited,NSE,Financial Services
BAJAJHCARE.NS,Bajaj Healthcare Limited,NSE,Healthcare
BAJAJHFL.NS,Bajaj Housing Finance Limited,NSE,Financial Services
BAJAJHIND.NS,Bajaj Hindusthan Sugar Limited,NSE,Consumer Defensive
BAJAJHLDNG.NS,Bajaj Holdings & Investment Limited,NSE,Financial Services
BAJAJINDEF.NS,Indef Manufacturing Limited,NSE,Industrials
BAJEL.NS,Bajel Projects Limited,NSE,Utilities
BAJFINANCE.NS,Bajaj Finance Limited,NSE,Financial Services
BALAJEE.NS,Shree Tirupati Balajee Agro Trading Company Limited,NSE,Consumer Cyclical
BALAJITELE.NS,Balaji Telefilms Limited,NSE,Communication Services
BALAMINES.NS,Balaji Amines Limited,NSE,Basic Materials
BALAXI.NS,BALAXI PHARMACEUTICALS LIMITED,NSE,Healthcare
BALKRISHNA.NS,Balkrishna Paper Mills Limited,NSE,Consumer Cyclical
BALKRISIND.NS,Balkrishna Industries Limited,NSE,Consumer Cyclical
BALMLAWRIE.NS,Balmer Lawrie & Company Limited,NSE,Industrials
BALPHARMA.NS,Bal Pharma Limited,NSE,Healthcare
BALRAMCHIN.NS,Balrampur Chini Mills Limited,NSE,Consumer Defensive
BALUFORGE.NS,Balu Forge Industries Limited,NSE,Industrials
BANARBEADS.NS,Banaras Beads Limited,NSE,Consumer Cyclical
BANARISUG.NS,Bannari Amman Sugars Limited,NSE,Consumer Defensive
BANCOINDIA.NS,Banco Products (I) Limited,NSE,Consumer Cyclical
BANDHANBNK.NS,Bandhan Bank Limited,NSE,Financial Services
BANG.NS,Bang Overseas Limited,NSE,Consumer Cyclical
BANKA.NS,Banka BioLoo Limited,NSE,Industrials
BANKBARODA.NS,Bank of Baroda,NSE,Financial Services
BANKINDIA.NS,Bank of India,NSE,Financial Services
BANSALWIRE.NS,Bansal Wire Industries Limited,NSE,Basic Materials
BANSWRAS.NS,Banswara Syntex Limited,NSE,Consumer Cyclical
BASF.NS,BASF India Limited,NSE,Basic Materials
BASML.NS,Bannari Amman Spinning Mills Limited,NSE,Consumer Cyclical
BATAINDIA.NS,Bata India Limited,NSE,Consumer Cyclical
BAYERCROP.NS,Bayer Cropscience Limited,NSE,Basic Materials
BBL.NS,Bharat Bijlee Limited,NSE,Industrials
BBOX.NS,Black Box Limited,NSE,Technology
BBTC.NS,Bombay Burmah Trading Corporation Limited,NSE,Consumer Defensive
BBTCL.NS,B&B Triplewall Containers Limited,NSE,Consumer Cyclical
BCG.NS,Brightcom Group Limited,NSE,Communication Services
BCLIND.NS,Bcl Industries Limited,NSE,Consumer Defensive
BCONCEPTS.NS,Brand Concepts Limited,NSE,Consumer Cyclical
BDL.NS,Bharat Dynamics Limited,NSE,Industrials
BEARDSELL.NS,Beardsell Limited,NSE,Industrials
BECTORFOOD.NS,Mrs. Bectors Food Specialities Limited,NSE,Consumer Defensive
BEDMUTHA.NS,Bedmutha Industries Limited,NSE,Basic Materials
BEL.NS,Bharat Electronics Limited,NSE,Industrials
BELLACASA.NS,Bella Casa Fashion & Retail Limited,NSE,Consumer Cyclical
BELRISE.NS,Belrise Industries Limited,NSE,Consumer Cyclical
BEML.NS,BEML Limited,NSE,Industrials
BEPL.NS,Bhansali Engineering Polymers Limited,NSE,Basic Materials
BERGEPAINT.NS,Berger Paints (I) Limited,NSE,Basic Materials
BESTAGRO.NS,Best Agrolife Limited,NSE,Basic Materials
BFINVEST.NS,BF Investment Limited,NSE,Financial Services
BFUTILITIE.NS,BF Utilities Limited,NSE,Industrials
BGRENERGY.NS,BGR Energy Systems Limited,NSE,Industrials
BHAGCHEM.NS,Bhagiradha Chemicals & Industries Limited,NSE,Basic Materials
BHAGERIA.NS,Bhageria Industries Limited,NSE,Basic Materials
BHAGYANGR.NS,Bhagyanagar India Limited,NSE,Basic Materials
BHANDARI.NS,Bhandari Hosiery Exports Limited,NSE,Consumer Cyclical
BHARATFORG.NS,Bharat Forge Limited,NSE,Consumer Cyclical
BHARATGEAR.NS,Bharat Gears Limited,NSE,Consumer Cyclical
BHARATRAS.NS,Bharat Rasayan Limited,NSE,Basic Materials
BHARATSE.NS,Bharat Seats Limited,NSE,Consumer Cyclical
BHARATWIRE.NS,Bharat Wire Ropes Limited,NSE,Basic Materials
BHARTIARTL.NS,Bharti Airtel Limited,NSE,Communication Services
BHARTIHEXA.NS,Bharti Hexacom Limited,NSE,Communication Services
BHEL.NS,Bharat Heavy Electricals Limited,NSE,Industrials
BIGBLOC.NS,Bigbloc Construction Limited,NSE,Industrials
BIKAJI.NS,Bikaji Foods International Limited,NSE,Consumer Defensive
BIL.NS,Bhartiya International Limited,NSE,Consumer Cyclical
BILVYAPAR.NS,BIL VYAPAR LIMITED,NSE,Basic Materials
BIOCON.NS,Biocon Limited,NSE,Healthcare
BIOFILCHEM.NS,Biofil Chemicals & Pharmaceuticals Limited,NSE,Healthcare
BIRLACABLE.NS,Birla Cable Limited,NSE,Technology
BIRLACORPN.NS,Birla Corporation Limited,NSE,Basic Materials
BIRLAMONEY.NS,Aditya Birla Money Limited,NSE,Financial Services
BIRLANU.NS,BirlaNu Limited,NSE,Industrials
BLACKBUCK.NS,BLACKBUCK LIMITED,NSE,Technology
BLAL.NS,BEML Land Assets Limited,NSE,Financial Services
BLBLIMITED.NS,BLB Limited,NSE,Financial Services
BLISSGVS.NS,Bliss GVS Pharma Limited,NSE,Healthcare
BLKASHYAP.NS,B. L. Kashyap and Sons Limited,NSE,Industrials
BLS.NS,BLS International Services Limited,NSE,Industrials
BLSE.NS,BLS E-Services Limited,NSE,Industrials
BLUECOAST.NS,Blue Coast Hotels Limited,NSE,Consumer Cyclical
BLUEDART.NS,Blue Dart Express Limited,NSE,Industrials
BLUEJET.NS,Blue Jet Healthcare Limited,NSE,Healthcare
BLUESTARCO.NS,Blue Star Limited,NSE,Industrials
BLUESTONE.NS,BlueStone Jewellery and Lifestyle Limited,NSE,Consumer Cyclical
BLUSPRING.NS,Bluspring Enterprises Limited,NSE,Industrials
BMWVENTLTD.NS,BMW Ventures Limited,NSE,Basic Materials
BODALCHEM.NS,Bodal Chemicals Limited,NSE,Basic Materials
BOHRAIND.NS,Bohra Industries Limited,NSE,Basic Materials
BOMDYEING.NS,Bombay Dyeing & Mfg Company Limited,NSE,Consumer Cyclical
BORANA.NS,Borana Weaves Limited,NSE,Consumer Cyclical
BOROLTD.NS,Borosil Limited,NSE,Consumer Cyclical
BORORENEW.NS,BOROSIL RENEWABLES LIMITED,NSE,Technology
BOROSCI.NS,Borosil Scientific Limited,NSE,Consumer Cyclical
BOSCHLTD.NS,Bosch Limited,NSE,Consumer Cyclical
BPCL.NS,Bharat Petroleum Corporation Limited,NSE,Energy
BPL.NS,BPL Limited,NSE,Technology
BRIGADE.NS,Brigade Enterprises Limited,NSE,Real Estate
BRIGHOTEL.NS,Brigade Hotel Ventures Limited,NSE,Consumer Cyclical
BRITANNIA.NS,Britannia Industries Limited,NSE,Consumer Defensive
BRNL.NS,Bharat Road Network Limited,NSE,Industrials
BROOKS.NS,Brooks Laboratories Limited,NSE,Healthcare
BSE.NS,BSE Limited,NSE,Financial Services
BSHSL.NS,Bombay Super Hybrid Seeds Limited,NSE,Basic Materials
BSL.NS,BSL Limited,NSE,Consumer Cyclical
BSOFT.NS,BIRLASOFT LIMITED,NSE,Technology
BTML.NS,Bodhi Tree Multimedia Limited,NSE,Communication Services
BUTTERFLY.NS,Butterfly Gandhimathi Appliances Limited,NSE,Consumer Cyclical
BVCL.NS,Barak Valley Cements Limited,NSE,Basic Materials
BYKE.NS,The Byke Hospitality Ltd,NSE,Consumer Cyclical
CALSOFT.NS,California Software Company Limited,NSE,Technology
CAMLINFINE.NS,Camlin Fine Sciences Limited,NSE,Basic Materials
CAMPUS.NS,Campus Activewear Limited,NSE,Consumer Cyclical
CAMS.NS,Computer Age Management Services Limited,NSE,Technology
CANBK.NS,Canara Bank,NSE,Financial Services
CANFINHOME.NS,Can Fin Homes Limited,NSE,Financial Services
CANHLIFE.NS,Canara HSBC Life Insurance Company Limited,NSE,Financial Services
CANTABIL.NS,Cantabil Retail India Limited,NSE,Consumer Cyclical
CAPACITE.NS,Capacit'e Infraprojects Limited,NSE,Industrials
CAPITALSFB.NS,Capital Small Finance Bank Limited,NSE,Financial Services
CAPLIPOINT.NS,Caplin Point Laboratories Limited,NSE,Healthcare
CAPTRU-RE1.NS,Capital Trust Limited-RE,NSE,Unknown
CAPTRUST.NS,Capital Trust Limited,NSE,Financial Services
CARBORUNIV.NS,Carborundum Universal Limited,NSE,Industrials
CARERATING.NS,CARE Ratings Limited,NSE,Financial Services
CARRARO.NS,Carraro India Limited,NSE,Consumer Cyclical
CARTRADE.NS,Cartrade Tech Limited,NSE,Consumer Cyclical
CARYSIL.NS,CARYSIL LIMITED,NSE,Consumer Cyclical
CASTROLIND.NS,Castrol India Limited,NSE,Energy
CCCL.NS,Consolidated Construction Consortium Limited,NSE,Industrials
CCHHL.NS,Country Club Hospitality & Holidays Limited,NSE,Consumer Cyclical
CCL.NS,CCL Products (India) Limited,NSE,Consumer Defensive
CDSL.NS,Central Depository Services (India) Limited,NSE,Financial Services
CEATLTD.NS,CEAT Limited,NSE,Consumer Cyclical
CEIGALL.NS,Ceigall India Limited,NSE,Industrials
CELEBRITY.NS,Celebrity Fashions Limited,NSE,Consumer Cyclical
CELLO.NS,Cello World Limited,NSE,Consumer Cyclical
CEMPRO.NS,Cemindia Projects Limited,NSE,Industrials
CENTENKA.NS,Century Enka Limited,NSE,Consumer Cyclical
CENTEXT.NS,Century Extrusions Limited,NSE,Basic Materials
CENTRALBK.NS,Central Bank of India,NSE,Financial Services
CENTRUM.NS,Centrum Capital Limited,NSE,Financial Services
CENTUM.NS,Centum Electronics Limited,NSE,Technology
CENTURYPLY.NS,Century Plyboards (India) Limited,NSE,Basic Materials
CERA.NS,Cera Sanitaryware Limited,NSE,Industrials
CEREBRAINT.NS,Cerebra Integrated Technologies Limited,NSE,Technology
CESC.NS,CESC Limited,NSE,Utilities
CEWATER.NS,Concord Enviro Systems Limited,NSE,Utilities
CGCL.NS,Capri Global Capital Limited,NSE,Financial Services
CGPOWER.NS,CG Power and Industrial Solutions Limited,NSE,Industrials
CHALET.NS,Chalet Hotels Limited,NSE,Consumer Cyclical
CHAMBLFERT.NS,Chambal Fertilizers & Chemicals Limited,NSE,Basic Materials
CHEMBOND.NS,Chembond Material Technologies Limited,NSE,Basic Materials
CHEMBONDCH.NS,Chembond Chemicals Limited,NSE,Basic Materials
CHEMCON.NS,Chemcon Speciality Chemicals Limited,NSE,Basic Materials
CHEMFAB.NS,Chemfab Alkalis Limited,NSE,Basic Materials
CHEMPLASTS.NS,Chemplast Sanmar Limited,NSE,Basic Materials
CHENNPETRO.NS,Chennai Petroleum Corporation Limited,NSE,Energy
CHEVIOT.NS,Cheviot Company Limited,NSE,Consumer Cyclical
CHOICEIN.NS,Choice International Limited,NSE,Financial Services
CHOLAFIN.NS,Cholamandalam Investment and Finance Company Limited,NSE,Financial Services
CHOLAHLDNG.NS,Cholamandalam Financial Holdings Limited,NSE,Financial Services
CIEINDIA.NS,CIE Automotive India Limited,NSE,Consumer Cyclical
CIFL.NS,Capital India Finance Limited,NSE,Financial Services
CIGNITITEC.NS,Cigniti Technologies Limited,NSE,Technology
CINELINE.NS,Cineline India Limited,NSE,Communication Services
CINEVISTA.NS,Cinevista Limited,NSE,Communication Services
CIPLA.NS,Cipla Limited,NSE,Healthcare
CLEAN.NS,Clean Science and Technology Limited,NSE,Basic Materials
CLEDUCATE.NS,CL Educate Limited,NSE,Consumer Defensive
CLSEL.NS,Chaman Lal Setia Exports Limited,NSE,Consumer Defensive
CMSINFO.NS,CMS Info Systems Limited,NSE,Industrials
COALINDIA.NS,Coal India Limited,NSE,Energy
COASTCORP.NS,Coastal Corporation Limited,NSE,Consumer Defensive
COCHINSHIP.NS,Cochin Shipyard Limited,NSE,Industrials
COFFEEDAY.NS,Coffee Day Enterprises Limited,NSE,Consumer Cyclical
COFORGE.NS,Coforge Limited,NSE,Technology
COHANCE.NS,Cohance Lifesciences Limited,NSE,Healthcare
COLPAL.NS,Colgate Palmolive (India) Limited,NSE,Consumer Defensive
COMPINFO.NS,Compuage Infocom Limited,NSE,Technology
COMPUSOFT.NS,Compucom Software Limited,NSE,Consumer Defensive
COMSYN.NS,Commercial Syn Bags Limited,NSE,Consumer Cyclical
CONCOR.NS,Container Corporation of India Limited,NSE,Industrials
CONCORDBIO.NS,Concord Biotech Limited,NSE,Healthcare
CONFIPET.NS,Confidence Petroleum India Limited,NSE,Energy
CONSOFINVT.NS,Consolidated Finvest & Holdings Limited,NSE,Financial Services
CONTROLPR.NS,Control Print Limited,NSE,Industrials
CORALFINAC.NS,Coral India Finance & Housing Limited,NSE,Real Estate
CORDSCABLE.NS,Cords Cable Industries Limited,NSE,Industrials
COROMANDEL.NS,Coromandel International Limited,NSE,Basic Materials
COSMOFIRST.NS,COSMO FIRST LIMITED,NSE,Consumer Cyclical
COUNCODOS.NS,Country Condo's Limited,NSE,Real Estate
CPCAP.NS,CP Capital Limited,NSE,Financial Services
CPEDU.NS,Career Point Edutech Limited,NSE,Consumer Defensive
CPPLUS.NS,Aditya Infotech Limited,NSE,Industrials
CRAFTSMAN.NS,Craftsman Automation Limited,NSE,Consumer Cyclical
CRAMC.NS,Canara Robeco Asset Management Company Limited,NSE,Financial Services
CREATIVE.NS,Creative Newtech Limited,NSE,Technology
CREATIVEYE.NS,Creative Eye Limited,NSE,Communication Services
CREDITACC.NS,CREDITACCESS GRAMEEN LIMITED,NSE,Financial Services
CREST.NS,Crest Ventures Limited,NSE,Financial Services
CRISIL.NS,CRISIL Limited,NSE,Financial Services
CRIZAC.NS,Crizac Limited,NSE,Consumer Defensive
CROMPTON.NS,Crompton Greaves Consumer Electricals Limited,NSE,Consumer Cyclical
CROWN.NS,Crown Lifters Limited,NSE,Industrials
CSBBANK.NS,CSB Bank Limited,NSE,Financial Services
CSLFINANCE.NS,CSL Finance Limited,NSE,Financial Services
CTE.NS,Cambridge Technology Enterprises Limited,NSE,Technology
CUB.NS,City Union Bank Limited,NSE,Financial Services
CUBEXTUB.NS,Cubex Tubings Limited,NSE,Basic Materials
CUMMINSIND.NS,Cummins India Limited,NSE,Industrials
CUPID.NS,Cupid Limited,NSE,Consumer Defensive
CURAA.NS,Cura Technologies Limited,NSE,Technology
CYBERMEDIA.NS,Cyber Media (India) Limited,NSE,Communication Services
CYBERTECH.NS,Cybertech Systems And Software Limited,NSE,Technology
CYIENT.NS,Cyient Limited,NSE,Industrials
CYIENTDLM.NS,Cyient DLM Limited,NSE,Technology
DABUR.NS,Dabur India Limited,NSE,Consumer Defensive
DALBHARAT.NS,Dalmia Bharat Limited,NSE,Basic Materials
DALMIASUG.NS,Dalmia Bharat Sugar and Industries Limited,NSE,Consumer Defensive
DAMCAPITAL.NS,Dam Capital Advisors Limited,NSE,Financial Services
DAMODARIND.NS,Damodar Industries Limited,NSE,Consumer Cyclical
DANGEE.NS,Dangee Dums Limited,NSE,Consumer Cyclical
DATAMATICS.NS,Datamatics Global Services Limited,NSE,Technology
DATAPATTNS.NS,Data Patterns (India) Limited,NSE,Industrials
DAVANGERE.NS,Davangere Sugar Company Limited,NSE,Consumer Defensive
DBCORP.NS,D.B.Corp Limited,NSE,Communication Services
DBEIL.NS,Deepak Builders & Engineers India Limited,NSE,Industrials
DBL.NS,Dilip Buildcon Limited,NSE,Industrials
DBOL.NS,Dhampur Bio Organics Limited,NSE,Consumer Defensive
DBREALTY.NS,Valor Estate Limited,NSE,Real Estate
DBSTOCKBRO.NS,DB (International) Stock Brokers Limited,NSE,Financial Services
DCAL.NS,Dishman Carbogen Amcis Limited,NSE,Healthcare
DCBBANK.NS,DCB Bank Limited,NSE,Financial Services
DCI.NS,Dc Infotech And Communication Limited,NSE,Technology
DCM.NS,DCM  Limited,NSE,Industrials
DCMFINSERV.NS,DCM Financial Services Limited,NSE,Financial Services
DCMNVL.NS,DCM Nouvelle Limited,NSE,Consumer Cyclical
DCMSHRIRAM.NS,DCM Shriram Limited,NSE,Industrials
DCMSRIND.NS,DCM Shriram Industries Limited,NSE,Consumer Defensive
DCW.NS,DCW Limited,NSE,Basic Materials
DCXINDIA.NS,DCX Systems Limited,NSE,Industrials
DDEVPLSTIK.NS,Ddev Plastiks Industries Limited,NSE,Basic Materials
DECCANCE.NS,Deccan Cements Limited,NSE,Basic Materials
DEEDEV.NS,DEE Development Engineers Limited,NSE,Industrials
DEEPAKFERT.NS,Deepak Fertilizers and Petrochemicals Corporation Limited,NSE,Basic Materials
DEEPAKNTR.NS,Deepak Nitrite Limited,NSE,Basic Materials
DEEPINDS.NS,Deep Industries Limited,NSE,Energy
DELHIVERY.NS,Delhivery Limited,NSE,Industrials
DELPH-RE.NS,DELPHI WORLD MONEY LIMITED-RE,NSE,Unknown
DELPHIFX.NS,DELPHI WORLD MONEY LIMITED,NSE,Financial Services
DELTACORP.NS,Delta Corp Limited,NSE,Consumer Cyclical
DELTAMAGNT.NS,Delta Manufacturing Limited,NSE,Industrials
DEN.NS,Den Networks Limited,NSE,Communication Services
DENORA.NS,De Nora India Limited,NSE,Industrials
DENTA.NS,Denta Water and Infra Solutions Limited,NSE,Industrials
DEVIT.NS,Dev Information Technology Limited,NSE,Technology
DEVX.NS,Dev Accelerator Limited,NSE,Real Estate
DEVYANI.NS,Devyani International Limited,NSE,Consumer Cyclical
DGCONTENT.NS,Digicontent Limited,NSE,Communication Services
DHAMPURSUG.NS,Dhampur Sugar Mills Limited,NSE,Consumer Defensive
DHANBANK.NS,Dhanlaxmi Bank Limited,NSE,Financial Services
DHANI.NS,Dhani Services Limited,NSE,Financial Services
DHANUKA.NS,Dhanuka Agritech Limited,NSE,Basic Materials
DHARAN.NS,DHARAN INFRA-EPC LIMITED,NSE,Real Estate
DHARMAJ.NS,Dharmaj Crop Guard Limited,NSE,Basic Materials
DHRUV.NS,Dhruv Consultancy Services Limited,NSE,Industrials
DHUNINV.NS,Dhunseri Investments Limited,NSE,Financial Services
DIACABS.NS,Diamond Power Infrastructure Limited,NSE,Industrials
DIAMINESQ.NS,Diamines & Chemicals Limited,NSE,Basic Materials
DIAMONDYD.NS,Prataap Snacks Limited,NSE,Consumer Defensive
DICIND.NS,DIC India Limited,NSE,Basic Materials
DIFFNKG.NS,Diffusion Engineers Limited,NSE,Industrials
DIGIDRIVE.NS,Digidrive Distributors Limited,NSE,Consumer Cyclical
DIGISPICE.NS,DiGiSPICE Technologies Limited,NSE,Technology
DIGITIDE.NS,Digitide Solutions Limited,NSE,Industrials
DIL.NS,Debock Industries Limited,NSE,Industrials
DISHTV.NS,Dish TV India Limited,NSE,Communication Services
DIVGIITTS.NS,Divgi Torqtransfer Systems Limited,NSE,Consumer Cyclical
DIVISLAB.NS,Divi's Laboratories Limited,NSE,Healthcare
DIXON.NS,Dixon Technologies (India) Limited,NSE,Technology
DJML.NS,DJ Mediaprint & Logistics Limited,NSE,Industrials
DLF.NS,DLF Limited,NSE,Real Estate
DLINKINDIA.NS,D-Link (India) Limited,NSE,Technology
DMART.NS,Avenue Supermarts Limited,NSE,Consumer Defensive
DMCC.NS,DMCC SPECIALITY CHEMICALS LIMITED,NSE,Basic Materials
DNAMEDIA.NS,Diligent Media Corporation Limited,NSE,Communication Services
DODLA.NS,Dodla Dairy Limited,NSE,Consumer Defensive
DOLATALGO.NS,Dolat Algotech Limited,NSE,Financial Services
DOLLAR.NS,Dollar Industries Limited,NSE,Consumer Cyclical
DOLPHIN.NS,Dolphin Offshore Enterprises (India) Limited,NSE,Energy
DOMS.NS,DOMS Industries Limited,NSE,Industrials
DONEAR.NS,Donear Industries Limited,NSE,Consumer Cyclical
DPABHUSHAN.NS,D. P. Abhushan Limited,NSE,Consumer Cyclical
DPSCLTD.NS,DPSC Limited,NSE,Utilities
DPWIRES.NS,D P Wires Limited,NSE,Industrials
DRCSYSTEMS.NS,DRC Systems India Limited,NSE,Technology
DREAMFOLKS.NS,Dreamfolks Services Limited,NSE,Industrials
DREDGECORP.NS,Dredging Corporation of India Limited,NSE,Industrials
DRREDDY.NS,Dr. Reddy's Laboratories Limited,NSE,Healthcare
DSSL.NS,Dynacons Systems & Solutions Limited,NSE,Technology
DTIL.NS,Dhunseri Tea & Industries Limited,NSE,Consumer Defensive
DUCON.NS,Ducon Infratechnologies Limited,NSE,Industrials
DVL.NS,Dhunseri Ventures Limited,NSE,Financial Services
DWARKESH.NS,Dwarikesh Sugar Industries Limited,NSE,Consumer Defensive
DYCL.NS,Dynamic Cables Limited,NSE,Industrials
DYNAMATECH.NS,Dynamatic Technologies Limited,NSE,Consumer Cyclical
DYNPRO.NS,Dynemic Products Limited,NSE,Basic Materials
E2E.NS,E2E Networks Limited,NSE,Technology
EASEMYTRIP.NS,Easy Trip Planners Limited,NSE,Consumer Cyclical
EBGNG.NS,GNG Electronics Limited,NSE,Technology
ECLERX.NS,eClerx Services Limited,NSE,Technology
ECOSMOBLTY.NS,Ecos (India) Mobility & Hospitality Limited,NSE,Industrials
EDELWEISS.NS,Edelweiss Financial Services Limited,NSE,Financial Services
EFCIL.NS,EFC (I) Limited,NSE,Real Estate
EICHERMOT.NS,Eicher Motors Limited,NSE,Consumer Cyclical
EIDPARRY.NS,EID Parry India Limited,NSE,Basic Materials
EIEL.NS,Enviro Infra Engineers Limited,NSE,Industrials
EIFFL.NS,Euro India Fresh Foods Limited,NSE,Consumer Defensive
EIHAHOTELS.NS,EIH Associated Hotels Limited,NSE,Consumer Cyclical
EIHOTEL.NS,EIH Limited,NSE,Consumer Cyclical
EIMCOELECO.NS,Eimco Elecon (India) Limited,NSE,Industrials
EKC.NS,Everest Kanto Cylinder Limited,NSE,Industrials
ELDEHSG.NS,Eldeco Housing And Industries Limited,NSE,Real Estate
ELECON.NS,Elecon Engineering Company Limited,NSE,Industrials
ELECTCAST.NS,Electrosteel Castings Limited,NSE,Industrials
ELECTHERM.NS,Electrotherm (India) Limited,NSE,Basic Materials
ELGIEQUIP.NS,Elgi Equipments Limited,NSE,Industrials
ELGIRUBCO.NS,Elgi Rubber Company Limited,NSE,Consumer Cyclical
ELIN.NS,Elin Electronics Limited,NSE,Industrials
ELLEN.NS,Ellenbarrie Industrial Gases Limited,NSE,Basic Materials
EMAMILTD.NS,Emami Limited,NSE,Consumer Defensive
EMAMIPAP.NS,Emami Paper Mills Limited,NSE,Basic Materials
EMAMIREAL.NS,Emami Realty Limited,NSE,Real Estate
EMBDL.NS,Embassy Developments Limited,NSE,Real Estate
EMCURE.NS,Emcure Pharmaceuticals Limited,NSE,Healthcare
EMIL.NS,Electronics Mart India Limited,NSE,Consumer Cyclical
EMKAY.NS,Emkay Global Financial Services Limited,NSE,Financial Services
EMMBI.NS,Emmbi Industries Limited,NSE,Consumer Cyclical
EMSLIMITED.NS,EMS Limited,NSE,Industrials
EMUDHRA.NS,eMudhra Limited,NSE,Technology
ENDURANCE.NS,Endurance Technologies Limited,NSE,Consumer Cyclical
ENERGYDEV.NS,Energy Development Company Limited,NSE,Utilities
ENGINERSIN.NS,Engineers India Limited,NSE,Industrials
ENIL.NS,Entertainment Network (India) Limited,NSE,Communication Services
ENRIN.NS,Siemens Energy India Limited,NSE,Utilities
ENTERO.NS,Entero Healthcare Solutions Limited,NSE,Healthcare
EPACK.NS,EPACK Durable Limited,NSE,Consumer Cyclical
EPACKPEB.NS,EPack Prefab Technologies Limited,NSE,Industrials
EPIGRAL.NS,Epigral Limited,NSE,Basic Materials
EPL.NS,EPL Limited,NSE,Consumer Cyclical
EQUIPPP.NS,Equippp Social Impact Technologies Limited,NSE,Basic Materials
EQUITASBNK.NS,Equitas Small Finance Bank Limited,NSE,Financial Services
ERIS.NS,Eris Lifesciences Limited,NSE,Healthcare
ESABINDIA.NS,Esab India Limited,NSE,Industrials
ESAFSFB.NS,ESAF Small Finance Bank Limited,NSE,Financial Services
ESCORTS.NS,Escorts Kubota Limited,NSE,Industrials
ESSARSHPNG.NS,Essar Shipping Limited,NSE,Industrials
ESSENTIA.NS,Integra Essentia Limited,NSE,Consumer Defensive
ESTER.NS,Ester Industries Limited,NSE,Basic Materials
ETERNAL.NS,ETERNAL LIMITED,NSE,Consumer Cyclical
ETHOSLTD.NS,Ethos Limited,NSE,Consumer Cyclical
EUREKAFORB.NS,Eureka Forbes Limited,NSE,Consumer Cyclical
EUROBOND.NS,Euro Panel Products Limited,NSE,Industrials
EUROPRATIK.NS,Euro Pratik Sales Limited,NSE,Basic Materials
EUROTEXIND.NS,Eurotex Industries and Exports Limited,NSE,Real Estate
EVEREADY.NS,Eveready Industries India Limited,NSE,Industrials
EVERESTIND.NS,Everest Industries Limited,NSE,Industrials
EXCEL.NS,Excel Realty N Infra Limited,NSE,Industrials
EXCELINDUS.NS,Excel Industries Limited,NSE,Basic Materials
EXICOM.NS,Exicom Tele-Systems Limited,NSE,Industrials
EXIDEIND.NS,Exide Industries Limited,NSE,Consumer Cyclical
EXPLEOSOL.NS,Expleo Solutions Limited,NSE,Technology
EXXARO.NS,Exxaro Tiles Limited,NSE,Industrials
FABTECH.NS,Fabtech Technologies Limited,NSE,Healthcare
FACT.NS,Fertilizers and Chemicals Travancore Limited,NSE,Basic Materials
FAIRCHEMOR.NS,Fairchem Organics Limited,NSE,Basic Materials
FAZE3Q.NS,Faze Three Limited,NSE,Consumer Cyclical
FCL.NS,Fineotex Chemical Limited,NSE,Basic Materials
FCSSOFT.NS,FCS Software Solutions Limited,NSE,Technology
FDC.NS,FDC Limited,NSE,Healthcare
FEDERALBNK.NS,The Federal Bank  Limited,NSE,Financial Services
FEDFINA.NS,Fedbank Financial Services Limited,NSE,Financial Services
FEL.NS,Future Enterprises Limited,NSE,Consumer Cyclical
FELDVR.NS,Future Enterprises Limited,NSE,Consumer Cyclical
FIBERWEB.NS,Fiberweb (India) Limited,NSE,Consumer Cyclical
FIEMIND.NS,Fiem Industries Limited,NSE,Consumer Cyclical
FILATEX.NS,Filatex India Limited,NSE,Consumer Cyclical
FILATFASH.NS,Filatex Fashions Limited,NSE,Consumer Cyclical
FINCABLES.NS,Finolex Cables Limited,NSE,Industrials
FINEORG.NS,Fine Organic Industries Limited,NSE,Basic Materials
FINKURVE.NS,Finkurve Financial Services Limited,NSE,Financial Services
FINOPB.NS,Fino Payments Bank Limited,NSE,Financial Services
FINPIPE.NS,Finolex Industries Limited,NSE,Industrials
FIRSTCRY.NS,Brainbees Solutions Limited,NSE,Consumer Cyclical
FISCHER.NS,Fischer Medical Ventures Limited,NSE,Healthcare
FIVESTAR.NS,Five-Star Business Finance Limited,NSE,Financial Services
FLAIR.NS,Flair Writing Industries Limited,NSE,Industrials
FLEXITUFF.NS,Flexituff Ventures International Limited,NSE,Consumer Cyclical
FLFL.NS,Future Lifestyle Fashions Limited,NSE,Consumer Cyclical
FLUOROCHEM.NS,Gujarat Fluorochemicals Limited,NSE,Basic Materials
FMGOETZE.NS,Federal-Mogul Goetze (India) Limited.,NSE,Consumer Cyclical
FMNL.NS,Future Market Networks Limited,NSE,Real Estate
FOCUS.NS,Focus Lighting and Fixtures Limited,NSE,Consumer Cyclical
FOODSIN.NS,Foods & Inns Limited,NSE,Consumer Defensive
FORCEMOT.NS,FORCE MOTORS LTD,NSE,Consumer Cyclical
FORTIS.NS,Fortis Healthcare Limited,NSE,Healthcare
FOSECOIND.NS,Foseco India Limited,NSE,Basic Materials
FSC.NS,Future Supply Chain Solutions Limited,NSE,Industrials
FSL.NS,Firstsource Solutions Limited,NSE,Technology
FUSION.NS,Fusion Finance Limited,NSE,Financial Services
GABRIEL.NS,Gabriel India Limited,NSE,Consumer Cyclical
GAEL.NS,Gujarat Ambuja Exports Limited,NSE,Consumer Defensive
GAIL.NS,GAIL (India) Limited,NSE,Utilities
GALAPREC.NS,Gala Precision Engineering Limited,NSE,Industrials
GALAXYSURF.NS,Galaxy Surfactants Limited,NSE,Basic Materials
GALLANTT.NS,Gallantt Ispat Limited,NSE,Basic Materials
GANDHAR.NS,Gandhar Oil Refinery (India) Limited,NSE,Energy
GANDHITUBE.NS,Gandhi Special Tubes Limited,NSE,Industrials
GANECOS.NS,Ganesha Ecosphere Limited,NSE,Consumer Cyclical
GANESHBE.NS,Ganesh Benzoplast Limited,NSE,Basic Materials
GANESHCP.NS,Ganesh Consumer Products Limited,NSE,Consumer Defensive
GANESHHOU.NS,GANESH HOUSING LIMITED,NSE,Real Estate
GANGAFORGE.NS,Ganga Forging Limited,NSE,Industrials
GANGESSECU.NS,Ganges Securities Limited,NSE,Consumer Defensive
GARFIBRES.NS,Garware Technical Fibres Limited,NSE,Consumer Cyclical
GARUDA.NS,Garuda Construction and Engineering Limited,NSE,Industrials
GATECH.NS,GACM Technologies Limited,NSE,Financial Services
GATECHDVR.NS,GACM Technologies Limited,NSE,Financial Services
GATEWAY.NS,Gateway Distriparks Limited,NSE,Industrials
GAYAHWS.NS,Gayatri Highways Limited,NSE,Industrials
GCSL.NS,Gretex Corporate Services Limited,NSE,Financial Services
GEECEE.NS,GeeCee Ventures Limited,NSE,Real Estate
GEEKAYWIRE.NS,Geekay Wires Limited,NSE,Industrials
GEMAROMA.NS,Gem Aromatics Limited,NSE,Basic Materials
GENCON.NS,Generic Engineering Construction and Projects Limited,NSE,Industrials
GENESYS.NS,Genesys International Corporation Limited,NSE,Technology
GENUSPAPER.NS,Genus Paper & Boards Limited,NSE,Basic Materials
GENUSPOWER.NS,Genus Power Infrastructures Limited,NSE,Industrials
GEOJITFSL.NS,Geojit Financial Services Limited,NSE,Financial Services
GESHIP.NS,The Great Eastern Shipping Company Limited,NSE,Industrials
GFLLIMITED.NS,GFL Limited,NSE,Financial Services
GHCL.NS,GHCL Limited,NSE,Basic Materials
GHCLTEXTIL.NS,GHCL Textiles Limited,NSE,Consumer Cyclical
GICHSGFIN.NS,GIC Housing Finance Limited,NSE,Financial Services
GICRE.NS,General Insurance Corporation of India,NSE,Financial Services
GILLANDERS.NS,Gillanders Arbuthnot & Company Limited,NSE,Consumer Defensive
GILLETTE.NS,Gillette India Limited,NSE,Consumer Defensive
GINNIFILA.NS,Ginni Filaments Limited,NSE,Consumer Cyclical
GIPCL.NS,Gujarat Industries Power Company Limited,NSE,Utilities
GKENERGY.NS,GK Energy Limited,NSE,Utilities
GKWLIMITED.NS,GKW Limited,NSE,Industrials
GLAND.NS,Gland Pharma Limited,NSE,Healthcare
GLAXO.NS,GlaxoSmithKline Pharmaceuticals Limited,NSE,Healthcare
GLENMARK.NS,Glenmark Pharmaceuticals Limited,NSE,Healthcare
GLFL.NS,Gujarat Lease Financing Limited,NSE,Financial Services
GLOBAL.NS,Global Education Limited,NSE,Consumer Defensive
GLOBALE.NS,Globale Tessile Limited,NSE,Consumer Cyclical
GLOBALVECT.NS,Global Vectra Helicorp Limited,NSE,Industrials
GLOBE.NS,Globe Textiles (India) Limited,NSE,Consumer Cyclical
GLOBECIVIL.NS,Globe Civil Projects Limited,NSE,Industrials
GLOBUSSPR.NS,Globus Spirits Limited,NSE,Consumer Defensive
GLOSTERLTD.NS,Gloster Limited,NSE,Consumer Cyclical
GLOTTIS.NS,Glottis Limited,NSE,Industrials
GMBREW.NS,GM Breweries Limited,NSE,Consumer Defensive
GMDCLTD.NS,Gujarat Mineral Development Corporation Limited,NSE,Energy
GMMPFAUDLR.NS,GMM Pfaudler Limited,NSE,Industrials
GMRAIRPORT.NS,GMR AIRPORTS LIMITED,NSE,Industrials
GMRP&UI.NS,GMR Power and Urban Infra Limited,NSE,Energy
GNA.NS,GNA Axles Limited,NSE,Consumer Cyclical
GNFC.NS,Gujarat Narmada Valley Fertilizers and Chemicals Limited,NSE,Basic Materials
GOACARBON.NS,Goa Carbon Limited,NSE,Basic Materials
GOCLCORP.NS,GOCL Corporation Limited,NSE,Basic Materials
GOCOLORS.NS,Go Fashion (India) Limited,NSE,Consumer Cyclical
GODAVARIB.NS,Godavari Biorefineries Limited,NSE,Basic Materials
GODFRYPHLP.NS,Godfrey Phillips India Limited,NSE,Consumer Defensive
GODIGIT.NS,Go Digit General Insurance Limited,NSE,Financial Services
GODREJAGRO.NS,Godrej Agrovet Limited,NSE,Consumer Defensive
GODREJCP.NS,Godrej Consumer Products Limited,NSE,Consumer Defensive
GODREJIND.NS,Godrej Industries Limited,NSE,Industrials
GODREJPROP.NS,Godrej Properties Limited,NSE,Real Estate
GOENKA.NS,Goenka Diamond and Jewels Limited,NSE,Consumer Cyclical
GOKEX.NS,Gokaldas Exports Limited,NSE,Consumer Cyclical
GOKUL.NS,Gokul Refoils and Solvent Limited,NSE,Consumer Defensive
GOKULAGRO.NS,Gokul Agro Resources Limited,NSE,Consumer Defensive
GOLDENTOBC.NS,Golden Tobacco Limited,NSE,Consumer Defensive
GOLDIAM.NS,Goldiam International Limited,NSE,Consumer Cyclical
GOLDTECH.NS,AION-TECH SOLUTIONS LIMITED,NSE,Technology
GOODLUCK.NS,Goodluck India Limited,NSE,Basic Materials
GOPAL.NS,Gopal Snacks Limited,NSE,Consumer Defensive
GOYALALUM.NS,Goyal Aluminiums Limited,NSE,Basic Materials
GPIL.NS,Godawari Power And Ispat limited,NSE,Basic Materials
GPPL.NS,Gujarat Pipavav Port Limited,NSE,Industrials
GPTHEALTH.NS,GPT Healthcare Limited,NSE,Healthcare
GPTINFRA.NS,GPT Infraprojects Limited,NSE,Industrials
GRANULES.NS,Granules India Limited,NSE,Healthcare
GRAPHITE.NS,Graphite India Limited,NSE,Industrials
GRASIM.NS,Grasim Industries Limited,NSE,Basic Materials
GRAVITA.NS,Gravita India Limited,NSE,Industrials
GREAVESCOT.NS,Greaves Cotton Limited,NSE,Industrials
GREENLAM.NS,Greenlam Industries Limited,NSE,Consumer Cyclical
GREENPANEL.NS,Greenpanel Industries Limited,NSE,Basic Materials
GREENPLY.NS,Greenply Industries Limited,NSE,Basic Materials
GREENPOWER.NS,Orient Green Power Company Limited,NSE,Utilities
GRINDWELL.NS,Grindwell Norton Limited,NSE,Industrials
GRINFRA.NS,G R Infraprojects Limited,NSE,Industrials
GRMOVER.NS,GRM Overseas Limited,NSE,Consumer Defensive
GROBTEA.NS,The Grob Tea Company Limited,NSE,Consumer Defensive
GRPLTD.NS,GRP Limited,NSE,Consumer Cyclical
GRSE.NS,Garden Reach Shipbuilders & Engineers Limited,NSE,Industrials
GRWRHITECH.NS,Garware Hi-Tech Films Limited,NSE,Basic Materials
GSFC.NS,Gujarat State Fertilizers & Chemicals Limited,NSE,Basic Materials
GSLSU.NS,Global Surfaces Limited,NSE,Basic Materials
GSPL.NS,Gujarat State Petronet Limited,NSE,Utilities
GSS.NS,GSS Infotech Limited,NSE,Technology
GTECJAINX.NS,G-TEC JAINX EDUCATION LIMITED,NSE,Consumer Defensive
GTL.NS,GTL Limited,NSE,Communication Services
GTLINFRA.NS,GTL Infrastructure Limited,NSE,Technology
GTPL.NS,GTPL Hathway Limited,NSE,Communication Services
GUFICBIO.NS,Gufic Biosciences Limited,NSE,Healthcare
GUJALKALI.NS,Gujarat Alkalies and Chemicals Limited,NSE,Basic Materials
GUJAPOLLO.NS,Gujarat Apollo Industries Limited,NSE,Industrials
GUJGASLTD.NS,Gujarat Gas Limited,NSE,Utilities
GUJRAFFIA.NS,Gujarat Raffia Industries Limited,NSE,Unknown
GUJTHEM.NS,Gujarat Themis Biosyn Limited,NSE,Healthcare
GULFOILLUB.NS,Gulf Oil Lubricants India Limited,NSE,Basic Materials
GULFPETRO.NS,GP Petroleums Limited,NSE,Energy
GULPOLY.NS,Gulshan Polyols Limited,NSE,Basic Materials
GVKPIL.NS,GVK Power & Infrastructure Limited,NSE,Utilities
GVPIL.NS,GE Power India Limited,NSE,Industrials
GVPTECH.NS,GVP Infotech Limited,NSE,Technology
GVT&D.NS,GE Vernova T&D India Limited,NSE,Industrials
HAL.NS,Hindustan Aeronautics Limited,NSE,Industrials
HAPPSTMNDS.NS,Happiest Minds Technologies Limited,NSE,Technology
HAPPYFORGE.NS,Happy Forgings Limited,NSE,Industrials
HARDWYN.NS,Hardwyn India Limited,NSE,Industrials
HARIOMPIPE.NS,Hariom Pipe Industries Limited,NSE,Basic Materials
HARRMALAYA.NS,Harrisons  Malayalam Limited,NSE,Consumer Defensive
HARSHA.NS,Harsha Engineers International Limited,NSE,Industrials
HATHWAY.NS,Hathway Cable & Datacom Limited,NSE,Communication Services
HATSUN.NS,Hatsun Agro Product Limited,NSE,Consumer Defensive
HAVELLS.NS,Havells India Limited,NSE,Industrials
HAVISHA.NS,Sri Havisha Hospitality and Infrastructure Limited,NSE,Consumer Cyclical
HBLENGINE.NS,HBL Engineering Limited,NSE,Industrials
HBSL.NS,HB Stockholdings Limited,NSE,Financial Services
HCC.NS,Hindustan Construction Company Limited,NSE,Industrials
HCG.NS,Healthcare Global Enterprises Limited,NSE,Healthcare
HCL-INSYS.NS,HCL Infosystems Limited,NSE,Technology
HCLTECH.NS,HCL Technologies Limited,NSE,Technology
HDBFS.NS,HDB Financial Services Limited,NSE,Financial Services
HDFCAMC.NS,HDFC Asset Management Company Limited,NSE,Financial Services
HDFCBANK.NS,HDFC Bank Limited,NSE,Financial Services
HDFCLIFE.NS,HDFC Life Insurance Company Limited,NSE,Financial Services
HDIL.NS,Housing Development and Infrastructure Limited,NSE,Real Estate
HEADSUP.NS,Heads UP Ventures Limited,NSE,Consumer Cyclical
HECPROJECT.NS,HEC Infra Projects Limited,NSE,Industrials
HEG.NS,HEG Limited,NSE,Industrials
HEIDELBERG.NS,HeidelbergCement India Limited,NSE,Basic Materials
HEMIPROP.NS,Hemisphere Properties India Limited,NSE,Real Estate
HERANBA.NS,Heranba Industries Limited,NSE,Basic Materials
HERCULES.NS,Hercules Hoists Limited,NSE,Industrials
HERITGFOOD.NS,Heritage Foods Limited,NSE,Consumer Defensive
HEROMOTOCO.NS,Hero MotoCorp Limited,NSE,Consumer Cyclical
HESTERBIO.NS,Hester Biosciences Limited,NSE,Healthcare
HEUBACHIND.NS,Heubach Colorants India Limited,NSE,Basic Materials
HEXATRADEX.NS,Hexa Tradex Limited,NSE,Financial Services
HEXT.NS,Hexaware Technologies Limited,NSE,Technology
HFCL.NS,HFCL Limited,NSE,Technology
HGINFRA.NS,H.G. Infra Engineering Limited,NSE,Industrials
HGM.NS,HandsOn Global Management (HGM) Limited,NSE,Technology
HGS.NS,Hinduja Global Solutions Limited,NSE,Industrials
HIKAL.NS,Hikal Limited,NSE,Healthcare
HILINFRA.NS,Highway Infrastructure Limited,NSE,Unknown
HILTON.NS,Hilton Metal Forging Limited,NSE,Industrials
HIMATSEIDE.NS,Himatsingka Seide Limited,NSE,Consumer Cyclical
HINDALCO.NS,Hindalco Industries Limited,NSE,Basic Materials
HINDCOMPOS.NS,Hindustan Composites Limited,NSE,Consumer Cyclical
HINDCON.NS,Hindcon Chemicals Limited,NSE,Basic Materials
HINDCOPPER.NS,Hindustan Copper Limited,NSE,Basic Materials
HINDOILEXP.NS,Hindustan Oil Exploration Company Limited,NSE,Energy
HINDPETRO.NS,Hindustan Petroleum Corporation Limited,NSE,Energy
HINDUNILVR.NS,Hindustan Unilever Limited,NSE,Consumer Defensive
HINDWAREAP.NS,Hindware Home Innovation Limited,NSE,Consumer Cyclical
HINDZINC.NS,Hindustan Zinc Limited,NSE,Basic Materials
HIRECT.NS,Hind Rectifiers Limited,NSE,Industrials
HISARMETAL.NS,Hisar Metal Industries Limited,NSE,Basic Materials
HITECH.NS,Hi-Tech Pipes Limited,NSE,Basic Materials
HITECHCORP.NS,Hitech Corporation Limited,NSE,Consumer Cyclical
HITECHGEAR.NS,The Hi-Tech Gears Limited,NSE,Consumer Cyclical
HLEGLAS.NS,HLE Glascoat Limited,NSE,Industrials
HLVLTD.NS,HLV LIMITED,NSE,Consumer Cyclical
HMAAGRO.NS,HMA Agro Industries Limited,NSE,Consumer Defensive
HMT.NS,HMT Limited,NSE,Industrials
HMVL.NS,Hindustan Media Ventures Limited,NSE,Communication Services
HNDFDS.NS,Hindustan Foods Limited,NSE,Industrials
HOMEFIRST.NS,Home First Finance Company India Limited,NSE,Financial Services
HONASA.NS,Honasa Consumer Limited,NSE,Consumer Defensive
HONAUT.NS,Honeywell Automation India Limited,NSE,Industrials
HONDAPOWER.NS,Honda India Power Products Limited,NSE,Industrials
HPAL.NS,HP Adhesives Limited,NSE,Basic Materials
HPIL.NS,Hindprakash Industries Limited,NSE,Basic Materials
HPL.NS,HPL Electric & Power Limited,NSE,Industrials
HSCL.NS,Himadri Speciality Chemical Limited,NSE,Basic Materials
HTMEDIA.NS,HT Media Limited,NSE,Communication Services
HUBTOWN.NS,Hubtown Limited,NSE,Real Estate
HUDCO.NS,Housing & Urban Development Corporation Limited,NSE,Financial Services
HUHTAMAKI.NS,Huhtamaki India Limited,NSE,Consumer Cyclical
HYBRIDFIN.NS,Hybrid Financial Services Limited,NSE,Financial Services
HYUNDAI.NS,Hyundai Motor India Limited,NSE,Consumer Cyclical
ICDSLTD.NS,ICDS Limited,NSE,Real Estate
ICEMAKE.NS,Ice Make Refrigeration Limited,NSE,Industrials
ICICIBANK.NS,ICICI Bank Limited,NSE,Financial Services
ICICIGI.NS,ICICI Lombard General Insurance Company Limited,NSE,Financial Services
ICICIPRULI.NS,ICICI Prudential Life Insurance Company Limited,NSE,Financial Services
ICIL.NS,Indo Count Industries Limited,NSE,Consumer Cyclical
ICRA.NS,ICRA Limited,NSE,Financial Services
IDBI.NS,IDBI Bank Limited,NSE,Financial Services
IDEA.NS,Vodafone Idea Limited,NSE,Communication Services
IDEAFORGE.NS,Ideaforge Technology Limited,NSE,Technology
IDFCFIRSTB.NS,IDFC First Bank Limited,NSE,Financial Services
IEL.NS,Indiabulls Enterprises Limited,NSE,Industrials
IEX.NS,Indian Energy Exchange Limited,NSE,Financial Services
IFBAGRO.NS,IFB Agro Industries Limited,NSE,Consumer Defensive
IFBIND.NS,IFB Industries Limited,NSE,Consumer Cyclical
IFCI.NS,IFCI Limited,NSE,Financial Services
IFGLEXPOR.NS,IFGL Refractories Limited,NSE,Basic Materials
IGARASHI.NS,Igarashi Motors India Limited,NSE,Consumer Cyclical
IGCL.NS,Indogulf Cropsciences Limited,NSE,Basic Materials
IGIL.NS,International Gemmological Institute (India) Limited,NSE,Basic Materials
IGL.NS,Indraprastha Gas Limited,NSE,Utilities
IGPL.NS,IG Petrochemicals Limited,NSE,Basic Materials
IIFL.NS,IIFL Finance Limited,NSE,Financial Services
IIFLCAPS.NS,IIFL Capital Services Limited,NSE,Financial Services
IITL.NS,Industrial Investment Trust Limited,NSE,Financial Services
IKIO.NS,IKIO Technologies Limited,NSE,Technology
IKS.NS,Inventurus Knowledge Solutions Limited,NSE,Healthcare
IL&FSENGG.NS,IL&FS Engineering and Construction Company Limited,NSE,Industrials
IL&FSTRANS.NS,IL&FS Transportation Networks Limited,NSE,Industrials
IMAGICAA.NS,Imagicaaworld Entertainment Limited,NSE,Communication Services
IMFA.NS,Indian Metals & Ferro Alloys Limited,NSE,Basic Materials
IMPAL.NS,India Motor Parts and Accessories Limited,NSE,Consumer Cyclical
IMPEXFERRO.NS,Impex Ferro Tech Limited,NSE,Basic Materials
INCREDIBLE.NS,INCREDIBLE INDUSTRIES LIMITED,NSE,Basic Materials
INDBANK.NS,Indbank Merchant Banking Services Limited,NSE,Financial Services
INDGN.NS,Indegene Limited,NSE,Healthcare
INDHOTEL.NS,The Indian Hotels Company Limited,NSE,Consumer Cyclical
INDIACEM.NS,The India Cements Limited,NSE,Basic Materials
INDIAGLYCO.NS,India Glycols Limited,NSE,Basic Materials
INDIAMART.NS,Indiamart Intermesh Limited,NSE,Communication Services
INDIANB.NS,Indian Bank,NSE,Financial Services
INDIANCARD.NS,Indian Card Clothing Company Limited,NSE,Consumer Cyclical
INDIANHUME.NS,Indian Hume Pipe Company Limited,NSE,Industrials
INDIASHLTR.NS,India Shelter Finance Corporation Limited,NSE,Financial Services
INDIGO.NS,InterGlobe Aviation Limited,NSE,Industrials
INDIGOPNTS.NS,Indigo Paints Limited,NSE,Basic Materials
INDIQUBE.NS,Indiqube Spaces Limited,NSE,Real Estate
INDNIPPON.NS,India Nippon Electricals Limited,NSE,Consumer Cyclical
INDOAMIN.NS,Indo Amines Limited,NSE,Basic Materials
INDOBORAX.NS,Indo Borax & Chemicals Limited,NSE,Basic Materials
INDOCO.NS,Indoco Remedies Limited,NSE,Healthcare
INDOFARM.NS,Indo Farm Equipment Limited,NSE,Industrials
INDORAMA.NS,Indo Rama Synthetics (India) Limited,NSE,Consumer Cyclical
INDOSTAR.NS,IndoStar Capital Finance Limited,NSE,Financial Services
INDOTECH.NS,Indo Tech Transformers Limited,NSE,Industrials
INDOTHAI.NS,Indo Thai Securities Limited,NSE,Financial Services
INDOUS.NS,Indo Us Biotech Limited,NSE,Basic Materials
INDOWIND.NS,Indowind Energy Limited,NSE,Utilities
INDRAMEDCO.NS,Indraprastha Medical Corporation Limited,NSE,Healthcare
INDSWFTLAB.NS,Ind-Swift Laboratories Limited,NSE,Healthcare
INDTERRAIN.NS,Indian Terrain Fashions Limited,NSE,Consumer Cyclical
INDUSINDBK.NS,IndusInd Bank Limited,NSE,Financial Services
INDUSTOWER.NS,Indus Towers Limited,NSE,Communication Services
INFIBEAM.NS,Infibeam Avenues Limited,NSE,Technology
INFOBEAN.NS,InfoBeans Technologies Limited,NSE,Technology
INFOMEDIA.NS,Infomedia Press Limited,NSE,Financial Services
INFY.NS,Infosys Limited,NSE,Technology
INGERRAND.NS,Ingersoll Rand (India) Limited,NSE,Industrials
INNOVACAP.NS,Innova Captab Limited,NSE,Healthcare
INNOVANA.NS,Innovana Thinklabs Limited,NSE,Technology
INOXGREEN.NS,Inox Green Energy Services Limited,NSE,Utilities
INOXINDIA.NS,INOX India Limited,NSE,Industrials
INOXWIND.NS,Inox Wind Limited,NSE,Industrials
INSECTICID.NS,Insecticides (India) Limited,NSE,Basic Materials
INSPIRISYS.NS,Inspirisys Solutions Limited,NSE,Technology
INTELLECT.NS,Intellect Design Arena Limited,NSE,Technology
INTENTECH.NS,Intense Technologies Limited,NSE,Technology
INTERARCH.NS,Interarch Building Solutions Limited,NSE,Industrials
INTLCONV.NS,International Conveyors Limited,NSE,Industrials
INVENTURE.NS,Inventure Growth & Securities Limited,NSE,Financial Services
IOB.NS,Indian Overseas Bank,NSE,Financial Services
IOC.NS,Indian Oil Corporation Limited,NSE,Energy
IOLCP.NS,IOL Chemicals and Pharmaceuticals Limited,NSE,Healthcare
IONEXCHANG.NS,ION Exchange (India) Limited,NSE,Industrials
IPCALAB.NS,IPCA Laboratories Limited,NSE,Healthcare
IPL.NS,India Pesticides Limited,NSE,Basic Materials
IRB.NS,IRB Infrastructure Developers Limited,NSE,Industrials
IRCON.NS,Ircon International Limited,NSE,Industrials
IRCTC.NS,Indian Railway Catering And Tourism Corporation Limited,NSE,Industrials
IREDA.NS,Indian Renewable Energy Development Agency Limited,NSE,Financial Services
IRFC.NS,Indian Railway Finance Corporation Limited,NSE,Financial Services
IRIS.NS,Iris Business Services Limited,NSE,Technology
IRISDOREME.NS,Iris Clothings Limited,NSE,Consumer Cyclical
IRMENERGY.NS,IRM Energy Limited,NSE,Utilities
ISFT.NS,Intrasoft Technologies Limited,NSE,Consumer Cyclical
ISGEC.NS,Isgec Heavy Engineering Limited,NSE,Industrials
ISHANCH.NS,Ishan Dyes and Chemicals Limited,NSE,Basic Materials
ITC.NS,ITC Limited,NSE,Consumer Defensive
ITCHOTELS.NS,ITC Hotels Limited,NSE,Consumer Cyclical
ITDC.NS,India Tourism Development Corporation Limited,NSE,Consumer Cyclical
ITI.NS,ITI Limited,NSE,Technology
IVALUE.NS,Ivalue Infosolutions Limited,NSE,Technology
IVC.NS,IL&FS Investment Managers Limited,NSE,Financial Services
IVP.NS,IVP Limited,NSE,Basic Materials
IXIGO.NS,Le Travenues Technology Limited,NSE,Consumer Cyclical
IZMO.NS,IZMO Limited,NSE,Technology
J&KBANK.NS,The Jammu & Kashmir Bank Limited,NSE,Financial Services
JAGRAN.NS,Jagran Prakashan Limited,NSE,Communication Services
JAGSNPHARM.NS,Jagsonpal Pharmaceuticals Limited,NSE,Healthcare
JAIBALAJI.NS,Jai Balaji Industries Limited,NSE,Basic Materials
JAICORPLTD.NS,Jai Corp Limited,NSE,Basic Materials
JAINREC.NS,Jain Resource Recycling Limited,NSE,Basic Materials
JAIPURKURT.NS,Nandani Creation Limited,NSE,Consumer Cyclical
JAMNAAUTO.NS,Jamna Auto Industries Limited,NSE,Consumer Cyclical
JARO.NS,Jaro Institute of Technology Management and Research Limited,NSE,Consumer Defensive
JASH.NS,Jash Engineering Limited,NSE,Industrials
JAYAGROGN.NS,Jayant Agro Organics Limited,NSE,Basic Materials
JAYBARMARU.NS,Jay Bharat Maruti Limited,NSE,Consumer Cyclical
JAYNECOIND.NS,Jayaswal Neco Industries Limited,NSE,Basic Materials
JAYSREETEA.NS,Jayshree Tea & Industries Limited,NSE,Consumer Defensive
JBCHEPHARM.NS,JB Chemicals & Pharmaceuticals Limited,NSE,Healthcare
JBMA.NS,JBM Auto Limited,NSE,Consumer Cyclical
JCHAC.NS,Johnson Controls - Hitachi Air Conditioning India Limited,NSE,Consumer Cyclical
JETFREIGHT.NS,Jet Freight Logistics Limited,NSE,Industrials
JGCHEM.NS,J.G.Chemicals Limited,NSE,Basic Materials
JHS.NS,JHS Svendgaard Laboratories Limited,NSE,Consumer Defensive
JINDALPHOT.NS,Jindal Photo Limited,NSE,Financial Services
JINDALPOLY.NS,Jindal Poly Films Limited,NSE,Consumer Cyclical
JINDALSAW.NS,Jindal Saw Limited,NSE,Basic Materials
JINDALSTEL.NS,JINDAL STEEL LIMITED,NSE,Basic Materials
JINDRILL.NS,Jindal Drilling And Industries Limited,NSE,Energy
JINDWORLD.NS,Jindal Worldwide Limited,NSE,Consumer Cyclical
JIOFIN.NS,Jio Financial Services Limited,NSE,Financial Services
JISLDVREQS.NS,Jain Irrigation Systems Limited,NSE,Industrials
JISLJALEQS.NS,Jain Irrigation Systems Limited,NSE,Industrials
JITFINFRA.NS,JITF Infralogistics Limited,NSE,Industrials
JKCEMENT.NS,JK Cement Limited,NSE,Basic Materials
JKIL.NS,J.Kumar Infraprojects Limited,NSE,Industrials
JKIPL.NS,Jinkushal Industries Limited,NSE,Industrials
JKLAKSHMI.NS,JK Lakshmi Cement Limited,NSE,Basic Materials
JKPAPER.NS,JK Paper Limited,NSE,Basic Materials
JKTYRE.NS,JK Tyre & Industries Limited,NSE,Consumer Cyclical
JLHL.NS,Jupiter Life Line Hospitals Limited,NSE,Healthcare
JMA.NS,Jullundur Motor Agency (Delhi) Limited,NSE,Consumer Cyclical
JMFINANCIL.NS,JM Financial Limited,NSE,Financial Services
JNKINDIA.NS,JNK India Limited,NSE,Industrials
JOCIL.NS,Jocil Limited,NSE,Basic Materials
JPOLYINVST.NS,Jindal Poly Investment and Finance Company Limited,NSE,Financial Services
JPPOWER.NS,Jaiprakash Power Ventures Limited,NSE,Utilities
JSFB.NS,Jana Small Finance Bank Limited,NSE,Financial Services
JSL.NS,Jindal Stainless Limited,NSE,Basic Materials
JSLL.NS,Jeena Sikho Lifecare Limited,NSE,Healthcare
JSWCEMENT.NS,JSW Cement Limited,NSE,Basic Materials
JSWENERGY.NS,JSW Energy Limited,NSE,Utilities
JSWHL.NS,JSW Holdings Limited,NSE,Industrials
JSWINFRA.NS,JSW Infrastructure Limited,NSE,Industrials
JSWSTEEL.NS,JSW Steel Limited,NSE,Basic Materials
JTEKTINDIA.NS,Jtekt India Limited,NSE,Consumer Cyclical
JTLIND.NS,JTL INDUSTRIES LIMITED,NSE,Basic Materials
JUBLCPL.NS,Jubilant Agri and Consumer Products Limited,NSE,Basic Materials
JUBLFOOD.NS,Jubilant Foodworks Limited,NSE,Consumer Cyclical
JUBLINGREA.NS,Jubilant Ingrevia Limited,NSE,Basic Materials
JUBLPHARMA.NS,Jubilant Pharmova Limited,NSE,Healthcare
JUNIPER.NS,Juniper Hotels Limited,NSE,Consumer Cyclical
JUSTDIAL.NS,Just Dial Limited,NSE,Communication Services
JWL.NS,Jupiter Wagons Limited,NSE,Industrials
JYOTHYLAB.NS,Jyothy Labs Limited,NSE,Consumer Defensive
JYOTICNC.NS,Jyoti CNC Automation Limited,NSE,Industrials
JYOTISTRUC.NS,Jyoti Structures Limited,NSE,Industrials
KABRAEXTRU.NS,Kabra Extrusion Technik Limited,NSE,Industrials
KAJARIACER.NS,Kajaria Ceramics Limited,NSE,Industrials
KAKATCEM.NS,Kakatiya Cement Sugar & Industries Limited,NSE,Basic Materials
KALAMANDIR.NS,Sai Silks (Kalamandir) Limited,NSE,Consumer Cyclical
KALPATARU.NS,Kalpataru Limited,NSE,Real Estate
KALYANI.NS,Kalyani Commercials Limited,NSE,Consumer Cyclical
KALYANIFRG.NS,Kalyani Forge Limited,NSE,Consumer Cyclical
KALYANKJIL.NS,Kalyan Jewellers India Limited,NSE,Consumer Cyclical
KAMATHOTEL.NS,Kamat Hotels (I) Limited,NSE,Consumer Cyclical
KAMDHENU.NS,Kamdhenu Limited,NSE,Basic Materials
KAMOPAINTS.NS,Kamdhenu Ventures Limited,NSE,Basic Materials
KANANIIND.NS,Kanani Industries Limited,NSE,Consumer Cyclical
KANORICHEM.NS,Kanoria Chemicals & Industries Limited,NSE,Basic Materials
KANPRPLA.NS,Kanpur Plastipack Limited,NSE,Consumer Cyclical
KANSAINER.NS,Kansai Nerolac Paints Limited,NSE,Basic Materials
KAPSTON.NS,Kapston Services Limited,NSE,Industrials
KARMAENG.NS,Karma Energy Limited,NSE,Utilities
KARURVYSYA.NS,Karur Vysya Bank Limited,NSE,Financial Services
KAUSHALYA.NS,Kaushalya Infrastructure Development Corporation Limited,NSE,Industrials
KAVDEFENCE.NS,Kavveri Defence & Wireless Technologies Limited,NSE,Technology
KAYA.NS,Kaya Limited,NSE,Consumer Defensive
KAYNES.NS,Kaynes Technology India Limited,NSE,Technology
KCP.NS,KCP Limited,NSE,Basic Materials
KCPSUGIND.NS,KCP Sugar and Industries Corporation Limited,NSE,Consumer Defensive
KDDL.NS,KDDL Limited,NSE,Consumer Cyclical
KEC.NS,KEC International Limited,NSE,Industrials
KECL.NS,Kirloskar Electric Company Limited,NSE,Industrials
KEEPLEARN.NS,DSJ Keep Learning Limited,NSE,Consumer Defensive
KEI.NS,KEI Industries Limited,NSE,Industrials
KELLTONTEC.NS,Kellton Tech Solutions Limited,NSE,Technology
KERNEX.NS,Kernex Microsystems (India) Limited,NSE,Technology
KESORAMIND.NS,Kesoram Industries Limited,NSE,Basic Materials
KEYFINSERV.NS,Keynote Financial Services Limited,NSE,Financial Services
KFINTECH.NS,Kfin Technologies Limited,NSE,Technology
KHADIM.NS,Khadim India Limited,NSE,Consumer Cyclical
KHAICHEM.NS,Khaitan Chemicals & Fertilizers Limited,NSE,Basic Materials
KHAITANLTD.NS,Khaitan (India) Limited,NSE,Consumer Cyclical
KHANDSE.NS,Khandwala Securities Limited,NSE,Financial Services
KICL.NS,Kalyani Investment Company Limited,NSE,Financial Services
KILITCH.NS,Kilitch Drugs (India) Limited,NSE,Healthcare
KIMS.NS,Krishna Institute of Medical Sciences Limited,NSE,Healthcare
KINGFA.NS,Kingfa Science & Technology (India) Limited,NSE,Basic Materials
KIOCL.NS,KIOCL Limited,NSE,Basic Materials
KIRIINDUS.NS,Kiri Industries Limited,NSE,Basic Materials
KIRLOSBROS.NS,Kirloskar Brothers Limited,NSE,Industrials
KIRLOSENG.NS,Kirloskar Oil Engines Limited,NSE,Industrials
KIRLOSIND.NS,Kirloskar Industries Limited,NSE,Industrials
KIRLPNU.NS,Kirloskar Pneumatic Company Limited,NSE,Industrials
KITEX.NS,Kitex Garments Limited,NSE,Consumer Cyclical
KKCL.NS,Kewal Kiran Clothing Limited,NSE,Consumer Cyclical
KMEW.NS,Knowledge Marine & Engineering Works Limited,NSE,Industrials
KMSUGAR.NS,K.M.Sugar Mills Limited,NSE,Consumer Defensive
KNRCON.NS,KNR Constructions Limited,NSE,Industrials
KOHINOOR.NS,Kohinoor Foods Limited,NSE,Consumer Defensive
KOKUYOCMLN.NS,Kokuyo Camlin Limited,NSE,Industrials
KOLTEPATIL.NS,Kolte - Patil Developers Limited,NSE,Real Estate
KOPRAN.NS,Kopran Limited,NSE,Healthcare
KOTAKBANK.NS,Kotak Mahindra Bank Limited,NSE,Financial Services
KOTARISUG.NS,Kothari Sugars And Chemicals Limited,NSE,Consumer Defensive
KOTHARIPET.NS,Kothari Petrochemicals Limited,NSE,Basic Materials
KOTHARIPRO.NS,Kothari Products Limited,NSE,Industrials
KPEL.NS,K.P. Energy Limited,NSE,Industrials
KPIGREEN.NS,KPI Green Energy Limited,NSE,Utilities
KPIL.NS,Kalpataru Projects International Limited,NSE,Industrials
KPITTECH.NS,KPIT Technologies Limited,NSE,Technology
KPRMILL.NS,K.P.R. Mill Limited,NSE,Consumer Cyclical
KRBL.NS,KRBL Limited,NSE,Consumer Defensive
KREBSBIO.NS,Krebs Biochemicals and Industries Limited,NSE,Healthcare
KRIDHANINF.NS,Kridhan Infra Limited,NSE,Basic Materials
KRISHANA.NS,Krishana Phoschem Limited,NSE,Basic Materials
KRISHIVAL.NS,Krishival Foods Limited,NSE,Consumer Defensive
KRITI.NS,Kriti Industries (India) Limited,NSE,Industrials
KRITIKA.NS,Kritika Wires Limited,NSE,Basic Materials
KRITINUT.NS,Kriti Nutrients Limited,NSE,Consumer Defensive
KRN.NS,KRN Heat Exchanger and Refrigeration Limited,NSE,Technology
KRONOX.NS,Kronox Lab Sciences Limited,NSE,Basic Materials
KROSS.NS,Kross Limited,NSE,Consumer Cyclical
KRSNAA.NS,Krsnaa Diagnostics Limited,NSE,Healthcare
KRYSTAL.NS,Krystal Integrated Services Limited,NSE,Industrials
KSB.NS,Ksb Limited,NSE,Industrials
KSCL.NS,Kaveri Seed Company Limited,NSE,Basic Materials
KSHITIJPOL.NS,Kshitij Polyline Limited,NSE,Industrials
KSL.NS,Kalyani Steels Limited,NSE,Basic Materials
KSOLVES.NS,Ksolves India Limited,NSE,Technology
KTKBANK.NS,The Karnataka Bank Limited,NSE,Financial Services
KUANTUM.NS,Kuantum Papers Limited,NSE,Basic Materials
LAGNAM.NS,Lagnam Spintex Limited,NSE,Consumer Cyclical
LAKPRE.NS,Lakshmi Precision Screws Limited,NSE,Industrials
LAL.NS,Lorenzini Apparels Limited,NSE,Consumer Cyclical
LALPATHLAB.NS,Dr. Lal Path Labs Ltd.,NSE,Healthcare
LAMBODHARA.NS,Lambodhara Textiles Limited,NSE,Consumer Cyclical
LANCORHOL.NS,Lancor Holdings Limited,NSE,Real Estate
LANDMARK.NS,Landmark Cars Limited,NSE,Consumer Cyclical
LAOPALA.NS,La Opala RG Limited,NSE,Consumer Cyclical
LASA.NS,Lasa Supergenerics Limited,NSE,Healthcare
LATENTVIEW.NS,Latent View Analytics Limited,NSE,Industrials
LATTEYS.NS,Latteys Industries Limited,NSE,Industrials
LAURUSLABS.NS,Laurus Labs Limited,NSE,Healthcare
LAXMICOT.NS,Laxmi Cotspin Limited,NSE,Consumer Cyclical
LAXMIDENTL.NS,Laxmi Dental Limited,NSE,Healthcare
LAXMIINDIA.NS,Laxmi India Finance Limited,NSE,Financial Services
LCCINFOTEC.NS,LCC Infotech Limited,NSE,Consumer Defensive
LEMONTREE.NS,Lemon Tree Hotels Limited,NSE,Consumer Cyclical
LEXUS.NS,Lexus Granito (India) Limited,NSE,Industrials
LFIC.NS,Lakshmi Finance & Industrial Corporation Limited,NSE,Financial Services
LGBBROSLTD.NS,LG Balakrishnan & Bros Limited,NSE,Consumer Cyclical
LGEINDIA.NS,LG Electronics India Limited,NSE,Technology
LGHL.NS,Laxmi Goldorna House Limited,NSE,Consumer Cyclical
LIBAS.NS,Libas Consumer Products Limited,NSE,Consumer Cyclical
LIBERTSHOE.NS,Liberty Shoes Limited,NSE,Consumer Cyclical
LICHSGFIN.NS,LIC Housing Finance Limited,NSE,Financial Services
LICI.NS,Life Insurance Corporation Of India,NSE,Financial Services
LIKHITHA.NS,Likhitha Infrastructure Limited,NSE,Energy
LINC.NS,Linc Limited,NSE,Industrials
LINCOLN.NS,Lincoln Pharmaceuticals Limited,NSE,Healthcare
LINDEINDIA.NS,Linde India Limited,NSE,Basic Materials
LLOYDSENGG.NS,LLOYDS ENGINEERING WORKS LIMITED,NSE,Industrials
LLOYDSENT.NS,Lloyds Enterprises Limited,NSE,Basic Materials
LLOYDSME.NS,Lloyds Metals And Energy Limited,NSE,Basic Materials
LMW.NS,LMW Limited,NSE,Industrials
LODHA.NS,Lodha Developers Limited,NSE,Real Estate
LOKESHMACH.NS,Lokesh Machines Limited,NSE,Industrials
LORDSCHLO.NS,Lords Chloro Alkali Limited,NSE,Basic Materials
LOTUSDEV.NS,Sri Lotus Developers and Realty Limited,NSE,Industrials
LOTUSEYE.NS,Lotus Eye Hospital and Institute Limited,NSE,Healthcare
LOVABLE.NS,Lovable Lingerie Limited,NSE,Consumer Cyclical
LOYALTEX.NS,Loyal Textile Mills Limited,NSE,Consumer Cyclical
LPDC.NS,Landmark Property Development Company Limited,NSE,Real Estate
LT.NS,Larsen & Toubro Limited,NSE,Industrials
LTF.NS,L&T Finance Limited,NSE,Financial Services
LTFOODS.NS,LT Foods Limited,NSE,Consumer Defensive
LTIM.NS,LTIMindtree Limited,NSE,Technology
LTTS.NS,L&T Technology Services Limited,NSE,Technology
LUMAXIND.NS,Lumax Industries Limited,NSE,Consumer Cyclical
LUMAXTECH.NS,Lumax Auto Technologies Limited,NSE,Consumer Cyclical
LUPIN.NS,Lupin Limited,NSE,Healthcare
LUXIND.NS,Lux Industries Limited,NSE,Consumer Cyclical
LXCHEM.NS,Laxmi Organic Industries Limited,NSE,Basic Materials
LYKALABS.NS,Lyka Labs Limited,NSE,Healthcare
LYPSAGEMS.NS,Lypsa Gems & Jewellery Limited,NSE,Consumer Cyclical
M&M.NS,Mahindra & Mahindra Limited,NSE,Consumer Cyclical
M&MFIN.NS,Mahindra & Mahindra Financial Services Limited,NSE,Financial Services
MAANALU.NS,Maan Aluminium Limited,NSE,Basic Materials
MACPOWER.NS,Macpower CNC Machines Limited,NSE,Industrials
MADHAV.NS,Madhav Marbles and Granites Limited,NSE,Industrials
MADHUCON.NS,Madhucon Projects Limited,NSE,Industrials
MADRASFERT.NS,Madras Fertilizers Limited,NSE,Basic Materials
MAGADSUGAR.NS,Magadh Sugar & Energy Limited,NSE,Consumer Defensive
MAGNUM.NS,Magnum Ventures Limited,NSE,Basic Materials
MAHABANK.NS,Bank of Maharashtra,NSE,Financial Services
MAHAPEXLTD.NS,Maha Rashtra Apex Corporation Limited,NSE,Financial Services
MAHASTEEL.NS,Mahamaya Steel Industries Limited,NSE,Basic Materials
MAHEPC.NS,Mahindra EPC Irrigation Limited,NSE,Industrials
MAHESHWARI.NS,Maheshwari Logistics Limited,NSE,Industrials
MAHLIFE.NS,Mahindra Lifespace Developers Limited,NSE,Real Estate
MAHLOG.NS,Mahindra Logistics Limited,NSE,Industrials
MAHSCOOTER.NS,Maharashtra Scooters Limited,NSE,Financial Services
MAHSEAMLES.NS,Maharashtra Seamless Limited,NSE,Basic Materials
MAITHANALL.NS,Maithan Alloys Limited,NSE,Basic Materials
MALLCOM.NS,Mallcom (India) Limited,NSE,Industrials
MALUPAPER.NS,Malu Paper Mills Limited,NSE,Basic Materials
MAMATA.NS,Mamata Machinery Limited,NSE,Industrials
MANAKALUCO.NS,Manaksia Aluminium Company Limited,NSE,Basic Materials
MANAKCOAT.NS,Manaksia Coated Metals & Industries Limited,NSE,Industrials
MANAKSIA.NS,Manaksia Limited,NSE,Industrials
MANAKSTEEL.NS,Manaksia Steels Limited,NSE,Basic Materials
MANALIPETC.NS,Manali Petrochemicals Limited,NSE,Basic Materials
MANAPPURAM.NS,Manappuram Finance Limited,NSE,Financial Services
MANBA.NS,Manba Finance Limited,NSE,Financial Services
MANCREDIT.NS,Mangal Credit and Fincorp Limited,NSE,Financial Services
MANGALAM.NS,Mangalam Drugs And Organics Limited,NSE,Healthcare
MANGCHEFER.NS,Mangalore Chemicals & Fertilizers Limited,NSE,Basic Materials
MANGLMCEM.NS,Mangalam Cement Limited,NSE,Basic Materials
MANINDS.NS,Man Industries (India) Limited,NSE,Basic Materials
MANINFRA.NS,Man Infraconstruction Limited,NSE,Industrials
MANKIND.NS,Mankind Pharma Limited,NSE,Healthcare
MANOMAY.NS,Manomay Tex India Limited,NSE,Consumer Cyclical
MANORAMA.NS,Manorama Industries Limited,NSE,Consumer Defensive
MANORG.NS,Mangalam Organics Limited,NSE,Basic Materials
MANUGRAPH.NS,Manugraph India Limited,NSE,Industrials
MANYAVAR.NS,Vedant Fashions Limited,NSE,Consumer Cyclical
MAPMYINDIA.NS,C.E. Info Systems Limited,NSE,Technology
MARALOVER.NS,Maral Overseas Limited,NSE,Consumer Cyclical
MARATHON.NS,Marathon Nextgen Realty Limited,NSE,Real Estate
MARICO.NS,Marico Limited,NSE,Consumer Defensive
MARINE.NS,Marine Electricals (India) Limited,NSE,Industrials
MARKOLINES.NS,Markolines Pavement Technologies Limited,NSE,Industrials
MARKSANS.NS,Marksans Pharma Limited,NSE,Healthcare
MARUTI.NS,Maruti Suzuki India Limited,NSE,Consumer Cyclical
MASFIN.NS,MAS Financial Services Limited,NSE,Financial Services
MASKINVEST.NS,Mask Investments Limited,NSE,Financial Services
MASTEK.NS,Mastek Limited,NSE,Technology
MASTERTR.NS,Master Trust Limited,NSE,Financial Services
MATRIMONY.NS,Matrimony.Com Limited,NSE,Communication Services
MAWANASUG.NS,Mawana Sugars Limited,NSE,Consumer Defensive
MAXESTATES.NS,Max Estates Limited,NSE,Real Estate
MAXHEALTH.NS,Max Healthcare Institute Limited,NSE,Healthcare
MAXIND.NS,Max India Limited,NSE,Healthcare
MAYURUNIQ.NS,Mayur Uniquoters Ltd,NSE,Consumer Cyclical
MAZDA.NS,Mazda Limited,NSE,Industrials
MAZDOCK.NS,Mazagon Dock Shipbuilders Limited,NSE,Industrials
MBAPL.NS,Madhya Bharat Agro Products Limited,NSE,Basic Materials
MBEL.NS,M & B Engineering Limited,NSE,Industrials
MBLINFRA.NS,MBL Infrastructure Limited,NSE,Industrials
MCL.NS,Madhav Copper Limited,NSE,Basic Materials
MCLEODRUSS.NS,Mcleod Russel India Limited,NSE,Consumer Defensive
MCLOUD.NS,Magellanic Cloud Limited,NSE,Technology
MCX.NS,Multi Commodity Exchange of India Limited,NSE,Financial Services
MEDANTA.NS,Global Health Limited,NSE,Healthcare
MEDIASSIST.NS,Medi Assist Healthcare Services Limited,NSE,Healthcare
MEDICAMEQ.NS,Medicamen Biotech Limited,NSE,Healthcare
MEDICO.NS,Medico Remedies Limited,NSE,Healthcare
MEDPLUS.NS,Medplus Health Services Limited,NSE,Healthcare
MEGASOFT.NS,Megasoft Limited,NSE,Healthcare
MEGASTAR.NS,Megastar Foods Limited,NSE,Consumer Defensive
MEIL.NS,Mangal Electrical Industries Limited,NSE,Industrials
MENONBE.NS,Menon Bearings Limited,NSE,Consumer Cyclical
MEP.NS,MEP Infrastructure Developers Limited,NSE,Industrials
METROBRAND.NS,Metro Brands Limited,NSE,Consumer Cyclical
METROPOLIS.NS,Metropolis Healthcare Limited,NSE,Healthcare
MFML.NS,Mahalaxmi Fabric Mills Limited,NSE,Consumer Cyclical
MFSL.NS,Max Financial Services Limited,NSE,Financial Services
MGEL.NS,Mangalam Global Enterprise Limited,NSE,Consumer Defensive
MGL.NS,Mahanagar Gas Limited,NSE,Utilities
MHLXMIRU.NS,Mahalaxmi Rubtech Limited,NSE,Consumer Cyclical
MHRIL.NS,Mahindra Holidays & Resorts India Limited,NSE,Consumer Cyclical
MICEL.NS,MIC Electronics Limited,NSE,Technology
MIDHANI.NS,Mishra Dhatu Nigam Limited,NSE,Basic Materials
MIDWESTLTD.NS,Midwest Limited,NSE,Unknown
MINDACORP.NS,Minda Corporation Limited,NSE,Consumer Cyclical
MINDTECK.NS,Mindteck (India) Limited,NSE,Technology
MIRCELECTR.NS,MIRC Electronics Limited,NSE,Consumer Cyclical
MIRZAINT.NS,Mirza International Limited,NSE,Consumer Cyclical
MITCON.NS,MITCON Consultancy & Engineering Services Limited,NSE,Industrials
MITTAL.NS,Mittal Life Style Limited,NSE,Consumer Cyclical
MKPL.NS,M K Proteins Limited,NSE,Consumer Defensive
MMFL.NS,MM Forgings Limited,NSE,Industrials
MMP.NS,MMP Industries Limited,NSE,Basic Materials
MMTC.NS,MMTC Limited,NSE,Industrials
MOBIKWIK.NS,One Mobikwik Systems Limited,NSE,Technology
MODIRUBBER.NS,Modi Rubber Limited,NSE,Real Estate
MODISONLTD.NS,MODISON LIMITED,NSE,Industrials
MODTHREAD.NS,Modern Threads (India) Limited,NSE,Consumer Cyclical
MOHITIND.NS,Mohit Industries Limited,NSE,Consumer Cyclical
MOIL.NS,MOIL Limited,NSE,Basic Materials
MOKSH.NS,Moksh Ornaments Limited,NSE,Consumer Cyclical
MOL.NS,Meghmani Organics Limited,NSE,Basic Materials
MOLDTECH.NS,Mold-Tek Technologies Limited,NSE,Industrials
MOLDTKPAC.NS,Mold-Tek Packaging Limited,NSE,Consumer Cyclical
MONARCH.NS,Monarch Networth Capital Limited,NSE,Financial Services
MONEYBOXX.NS,Moneyboxx Finance Limited,NSE,Financial Services
MONTECARLO.NS,Monte Carlo Fashions Limited,NSE,Consumer Cyclical
MORARJEE.NS,Morarjee Textiles Limited,NSE,Consumer Cyclical
MOREPENLAB.NS,Morepen Laboratories Limited,NSE,Healthcare
MOSCHIP.NS,Moschip Technologies Limited,NSE,Technology
MOTHERSON.NS,Samvardhana Motherson International Limited,NSE,Consumer Cyclical
MOTILALOFS.NS,Motilal Oswal Financial Services Limited,NSE,Financial Services
MOTISONS.NS,Motisons Jewellers Limited,NSE,Consumer Cyclical
MOTOGENFIN.NS,The Motor & General Finance Limited,NSE,Real Estate
MPHASIS.NS,MphasiS Limited,NSE,Technology
MPSLTD.NS,MPS Limited,NSE,Communication Services
MRF.NS,MRF Limited,NSE,Consumer Cyclical
MRPL.NS,Mangalore Refinery and Petrochemicals Limited,NSE,Energy
MSPL.NS,MSP Steel & Power Limited,NSE,Basic Materials
MSTCLTD.NS,Mstc Limited,NSE,Industrials
MSUMI.NS,Motherson Sumi Wiring India Limited,NSE,Consumer Cyclical
MTARTECH.NS,Mtar Technologies Limited,NSE,Industrials
MTEDUCARE.NS,MT Educare Limited,NSE,Consumer Defensive
MTNL.NS,Mahanagar Telephone Nigam Limited,NSE,Communication Services
MUFIN.NS,Mufin Green Finance Limited,NSE,Financial Services
MUFTI.NS,Credo Brands Marketing Limited,NSE,Consumer Cyclical
MUKANDLTD.NS,Mukand Limited,NSE,Basic Materials
MUKKA.NS,Mukka Proteins Limited,NSE,Consumer Defensive
MUKTAARTS.NS,Mukta Arts Limited,NSE,Communication Services
MUNJALAU.NS,Munjal Auto Industries Limited,NSE,Consumer Cyclical
MUNJALSHOW.NS,Munjal Showa Limited,NSE,Consumer Cyclical
MURUDCERA.NS,Murudeshwar Ceramics Limited,NSE,Industrials
MUTHOOTCAP.NS,Muthoot Capital Services Limited,NSE,Financial Services
MUTHOOTFIN.NS,Muthoot Finance Limited,NSE,Financial Services
MUTHOOTMF.NS,Muthoot Microfin Limited,NSE,Financial Services
MVGJL.NS,Manoj Vaibhav Gems N Jewellers Limited,NSE,Consumer Cyclical
MWL.NS,Mangalam Worldwide Limited,NSE,Basic Materials
NACLIND.NS,NACL Industries Limited,NSE,Basic Materials
NAGAFERT.NS,Nagarjuna Fertilizers and Chemicals Limited,NSE,Basic Materials
NAGREEKCAP.NS,Nagreeka Capital & Infrastructure Limited,NSE,Financial Services
NAGREEKEXP.NS,Nagreeka Exports Limited,NSE,Consumer Cyclical
NAHARCAP.NS,Nahar Capital and Financial Services Limited,NSE,Financial Services
NAHARINDUS.NS,Nahar Industrial Enterprises Limited,NSE,Consumer Cyclical
NAHARPOLY.NS,Nahar Poly Films Limited,NSE,Consumer Cyclical
NAHARSPING.NS,Nahar Spinning Mills Limited,NSE,Consumer Cyclical
NAM-INDIA.NS,Nippon Life India Asset Management Limited,NSE,Financial Services
NARMADA.NS,Narmada Agrobase Limited,NSE,Basic Materials
NATCAPSUQ.NS,Natural Capsules Limited,NSE,Healthcare
NATCOPHARM.NS,Natco Pharma Limited,NSE,Healthcare
NATHBIOGEN.NS,Nath Bio-Genes (India) Limited,NSE,Basic Materials
NATIONALUM.NS,National Aluminium Company Limited,NSE,Basic Materials
NAUKRI.NS,Info Edge (India) Limited,NSE,Communication Services
NAVA.NS,NAVA LIMITED,NSE,Industrials
NAVINFLUOR.NS,Navin Fluorine International Limited,NSE,Basic Materials
NAVKARCORP.NS,Navkar Corporation Limited,NSE,Industrials
NAVKARURB.NS,Navkar Urbanstructure Limited,NSE,Basic Materials
NAVNETEDUL.NS,Navneet Education Limited,NSE,Communication Services
NAZARA.NS,Nazara Technologies Limited,NSE,Communication Services
NBCC.NS,NBCC (India) Limited,NSE,Industrials
NBIFIN.NS,N. B. I. Industrial Finance Company Limited,NSE,Financial Services
NCC.NS,NCC Limited,NSE,Industrials
NCLIND.NS,NCL Industries Limited,NSE,Basic Materials
NDGL.NS,Naga Dhunseri Group Limited,NSE,Financial Services
NDL.NS,Nandan Denim Limited,NSE,Consumer Cyclical
NDLVENTURE.NS,NDL Ventures Limited,NSE,Communication Services
NDRAUTO.NS,Ndr Auto Components Limited,NSE,Consumer Cyclical
NDTV.NS,New Delhi Television Limited,NSE,Communication Services
NECCLTD.NS,North Eastern Carrying Corporation Limited,NSE,Industrials
NECLIFE.NS,Nectar Lifesciences Limited,NSE,Healthcare
NELCAST.NS,Nelcast Limited,NSE,Industrials
NELCO.NS,NELCO Limited,NSE,Technology
NEOGEN.NS,Neogen Chemicals Limited,NSE,Basic Materials
NESCO.NS,Nesco Limited,NSE,Industrials
NESTLEIND.NS,Nestle India Limited,NSE,Consumer Defensive
NETWEB.NS,Netweb Technologies India Limited,NSE,Technology
NETWORK18.NS,Network18 Media & Investments Limited,NSE,Communication Services
NEULANDLAB.NS,Neuland Laboratories Limited,NSE,Healthcare
NEWGEN.NS,Newgen Software Technologies Limited,NSE,Technology
NEXTMEDIA.NS,Next Mediaworks Limited,NSE,Communication Services
NFL.NS,National Fertilizers Limited,NSE,Basic Materials
NGIL.NS,Nakoda Group of Industries Limited,NSE,Consumer Defensive
NGLFINE.NS,NGL Fine-Chem Limited,NSE,Healthcare
NH.NS,Narayana Hrudayalaya Ltd.,NSE,Healthcare
NHPC.NS,NHPC Limited,NSE,Utilities
NIACL.NS,The New India Assurance Company Limited,NSE,Financial Services
NIBE.NS,NIBE Limited,NSE,Industrials
NIBL.NS,NRB Industrial Bearings Limited,NSE,Industrials
NIITLTD.NS,NIIT Limited,NSE,Consumer Defensive
NIITMTS.NS,NIIT Learning Systems Limited,NSE,Consumer Defensive
NILAINFRA.NS,Nila Infrastructures Limited,NSE,Real Estate
NILASPACES.NS,Nila Spaces Limited,NSE,Real Estate
NILKAMAL.NS,Nilkamal Limited,NSE,Consumer Cyclical
NINSYS.NS,NINtec Systems Limited,NSE,Technology
NIPPOBATRY.NS,Indo-National Limited,NSE,Industrials
NIRAJ.NS,Niraj Cement Structurals Limited,NSE,Industrials
NIRAJISPAT.NS,Niraj Ispat Industries Limited,NSE,Consumer Cyclical
NITCO.NS,Nitco Limited,NSE,Industrials
NITINSPIN.NS,Nitin Spinners Limited,NSE,Consumer Cyclical
NITIRAJ.NS,Nitiraj Engineers Limited,NSE,Technology
NIVABUPA.NS,Niva Bupa Health Insurance Company Limited,NSE,Financial Services
NKIND.NS,NK Industries Limited,NSE,Consumer Defensive
NLCINDIA.NS,NLC India Limited,NSE,Utilities
NMDC.NS,NMDC Limited,NSE,Basic Materials
NOCIL.NS,NOCIL Limited,NSE,Basic Materials
NOIDATOLL.NS,Noida Toll Bridge Company Limited,NSE,Industrials
NORBTEAEXP.NS,Norben Tea & Exports Limited,NSE,Consumer Defensive
NORTHARC.NS,Northern Arc Capital Limited,NSE,Financial Services
NOVAAGRI.NS,Nova Agritech Limited,NSE,Basic Materials
NPST.NS,Network People Services Technologies Limited,NSE,Technology
NRAIL.NS,N R Agarwal Industries Limited,NSE,Basic Materials
NRBBEARING.NS,NRB Bearing Limited,NSE,Consumer Cyclical
NRL.NS,Nupur Recyclers Limited,NSE,Industrials
NSIL.NS,Nalwa Sons Investments Limited,NSE,Financial Services
NSLNISP.NS,NMDC Steel Limited,NSE,Basic Materials
NTPC.NS,NTPC Limited,NSE,Utilities
NTPCGREEN.NS,NTPC Green Energy Limited,NSE,Utilities
NUCLEUS.NS,Nucleus Software Exports Limited,NSE,Technology
NURECA.NS,Nureca Limited,NSE,Healthcare
NUVAMA.NS,Nuvama Wealth Management Limited,NSE,Financial Services
NUVOCO.NS,Nuvoco Vistas Corporation Limited,NSE,Basic Materials
NYKAA.NS,FSN E-Commerce Ventures Limited,NSE,Consumer Cyclical
OAL.NS,Oriental Aromatics Limited,NSE,Basic Materials
OBCL.NS,Orissa Bengal Carrier Limited,NSE,Industrials
OBEROIRLTY.NS,Oberoi Realty Limited,NSE,Real Estate
OCCLLTD.NS,OCCL Limited,NSE,Basic Materials
ODIGMA.NS,Odigma Consultancy Solutions Limited,NSE,Communication Services
OFSS.NS,Oracle Financial Services Software Limited,NSE,Technology
OIL.NS,Oil India Limited,NSE,Energy
OILCOUNTUB.NS,Oil Country Tubular Limited,NSE,Energy
OLAELEC.NS,Ola Electric Mobility Limited,NSE,Consumer Cyclical
OLECTRA.NS,Olectra Greentech Limited,NSE,Industrials
OMAXAUTO.NS,Omax Autos Limited,NSE,Consumer Cyclical
OMAXE.NS,Omaxe Limited,NSE,Real Estate
OMFREIGHT.NS,Om Freight Forwarders Limited,NSE,Industrials
OMINFRAL.NS,OM INFRA LIMITED,NSE,Industrials
OMKARCHEM.NS,Omkar Speciality Chemicals Limited,NSE,Basic Materials
ONELIFECAP.NS,Onelife Capital Advisors Limited,NSE,Financial Services
ONEPOINT.NS,One Point One Solutions Limited,NSE,Industrials
ONESOURCE.NS,Onesource Specialty Pharma Limited,NSE,Healthcare
ONGC.NS,Oil & Natural Gas Corporation Limited,NSE,Energy
ONMOBILE.NS,OnMobile Global Limited,NSE,Communication Services
ONWARDTEC.NS,Onward Technologies Limited,NSE,Technology
OPTIEMUS.NS,Optiemus Infracom Limited,NSE,Technology
ORBTEXP.NS,Orbit Exports Limited,NSE,Consumer Cyclical
ORCHASP.NS,Orchasp Limited,NSE,Technology
ORCHPHARMA.NS,Orchid Pharma Limited,NSE,Healthcare
ORICONENT.NS,Oricon Enterprises Limited,NSE,Consumer Cyclical
ORIENTALTL.NS,Oriental Trimex Limited,NSE,Industrials
ORIENTBELL.NS,Orient Bell Limited,NSE,Industrials
ORIENTCEM.NS,Orient Cement Limited,NSE,Basic Materials
ORIENTCER.NS,ORIENT CERATECH LIMITED,NSE,Basic Materials
ORIENTELEC.NS,Orient Electric Limited,NSE,Consumer Cyclical
ORIENTHOT.NS,Oriental Hotels Limited,NSE,Consumer Cyclical
ORIENTLTD.NS,Orient Press Limited,NSE,Consumer Cyclical
ORIENTPPR.NS,Orient Paper & Industries Limited,NSE,Basic Materials
ORIENTTECH.NS,Orient Technologies Limited,NSE,Technology
ORISSAMINE.NS,The Orissa Minerals Development Company Limited,NSE,Basic Materials
ORTEL.NS,Ortel Communications Limited,NSE,Communication Services
ORTINGLOBE.NS,ORTIN GLOBAL LIMITED,NSE,Healthcare
OSIAHYPER.NS,Osia Hyper Retail Limited,NSE,Consumer Cyclical
OSWALAGRO.NS,Oswal Agro Mills Limited,NSE,Real Estate
OSWALGREEN.NS,Oswal Greentech Limited,NSE,Financial Services
OSWALPUMPS.NS,Oswal Pumps Limited,NSE,Industrials
OSWALSEEDS.NS,ShreeOswal Seeds And Chemicals Limited,NSE,Basic Materials
PACEDIGITK.NS,Pace Digitek Limited,NSE,Technology
PAGEIND.NS,Page Industries Limited,NSE,Consumer Cyclical
PAISALO.NS,Paisalo Digital Limited,NSE,Financial Services
PAKKA.NS,PAKKA LIMITED,NSE,Basic Materials
PALASHSECU.NS,Palash Securities Limited,NSE,Consumer Defensive
PALREDTEC.NS,Palred Technologies Limited,NSE,Technology
PANACEABIO.NS,Panacea Biotec Limited,NSE,Healthcare
PANACHE.NS,Panache Digilife Limited,NSE,Technology
PANAMAPET.NS,Panama Petrochem Limited,NSE,Energy
PANSARI.NS,Pansari Developers Limited,NSE,Real Estate
PAR.NS,Par Drugs And Chemicals Limited,NSE,Healthcare
PARACABLES.NS,Paramount Communications Limited,NSE,Technology
PARADEEP.NS,Paradeep Phosphates Limited,NSE,Basic Materials
PARAGMILK.NS,Parag Milk Foods Limited,NSE,Consumer Defensive
PARAS.NS,Paras Defence and Space Technologies Limited,NSE,Industrials
PARASPETRO.NS,Paras Petrofils Limited,NSE,Consumer Cyclical
PARKHOTELS.NS,Apeejay Surrendra Park Hotels Limited,NSE,Consumer Cyclical
PARSVNATH.NS,Parsvnath Developers Limited,NSE,Real Estate
PASHUPATI.NS,Pashupati Cotspin Limited,NSE,Consumer Cyclical
PASUPTAC.NS,Pasupati Acrylon Limited,NSE,Consumer Cyclical
PATANJALI.NS,Patanjali Foods Limited,NSE,Consumer Defensive
PATELENG.NS,Patel Engineering Limited,NSE,Industrials
PATELRMART.NS,Patel Retail Limited,NSE,Consumer Cyclical
PATINTLOG.NS,Patel Integrated Logistics Limited,NSE,Industrials
PAVNAIND.NS,Pavna Industries Limited,NSE,Consumer Cyclical
PAYTM.NS,One 97 Communications Limited,NSE,Technology
PCBL.NS,PCBL Chemical Limited,NSE,Basic Materials
PCJEWELLER.NS,PC Jeweller Limited,NSE,Consumer Cyclical
PDMJEPAPER.NS,Pudumjee Paper Products Limited,NSE,Basic Materials
PDSL.NS,PDS Limited,NSE,Industrials
PEARLPOLY.NS,Pearl Polymers Limited,NSE,Consumer Cyclical
PENIND.NS,Pennar Industries Limited,NSE,Industrials
PENINLAND.NS,Peninsula Land Limited,NSE,Real Estate
PERSISTENT.NS,Persistent Systems Limited,NSE,Technology
PETRONET.NS,Petronet LNG Limited,NSE,Energy
PFC.NS,Power Finance Corporation Limited,NSE,Financial Services
PFIZER.NS,Pfizer Limited,NSE,Healthcare
PFOCUS.NS,Prime Focus Limited,NSE,Communication Services
PFS.NS,PTC India Financial Services Limited,NSE,Financial Services
PGEL.NS,PG Electroplast Limited,NSE,Technology
PGHH.NS,Procter & Gamble Hygiene and Health Care Limited,NSE,Consumer Defensive
PGHL.NS,Procter & Gamble Health Limited,NSE,Healthcare
PGIL.NS,Pearl Global Industries Limited,NSE,Consumer Cyclical
PHOENIXLTD.NS,The Phoenix Mills Limited,NSE,Real Estate
PICCADIL.NS,Piccadily Agro Industries Limited,NSE,Consumer Defensive
PIDILITIND.NS,Pidilite Industries Limited,NSE,Basic Materials
PIGL.NS,Power & Instrumentation (Gujarat) Limited,NSE,Industrials
PIIND.NS,PI Industries Limited,NSE,Basic Materials
PILANIINVS.NS,Pilani Investment and Industries Corporation Limited,NSE,Financial Services
PILITA.NS,PIL ITALICA LIFESTYLE LIMITED,NSE,Consumer Cyclical
PIONEEREMB.NS,Pioneer Embroideries Limited,NSE,Consumer Cyclical
PITTIENG.NS,Pitti Engineering Limited,NSE,Industrials
PIXTRANS.NS,Pix Transmissions Limited,NSE,Industrials
PKTEA.NS,The Peria Karamalai Tea & Produce Company Limited,NSE,Consumer Defensive
PLASTIBLEN.NS,Plastiblends India Limited,NSE,Basic Materials
PLATIND.NS,Platinum Industries Limited,NSE,Basic Materials
PLAZACABLE.NS,Plaza Wires Limited,NSE,Industrials
PNB.NS,Punjab National Bank,NSE,Financial Services
PNBGILTS.NS,PNB Gilts Limited,NSE,Financial Services
PNBHOUSING.NS,PNB Housing Finance Limited,NSE,Financial Services
PNC.NS,Pritish Nandy Communications Limited,NSE,Communication Services
PNCINFRA.NS,PNC Infratech Limited,NSE,Industrials
PNGJL.NS,P N Gadgil Jewellers Limited,NSE,Consumer Cyclical
POCL.NS,Pondy Oxides & Chemicals Limited,NSE,Basic Materials
PODDARMENT.NS,Poddar Pigments Limited,NSE,Basic Materials
POKARNA.NS,Pokarna Limited,NSE,Industrials
POLICYBZR.NS,PB Fintech Limited,NSE,Financial Services
POLYCAB.NS,Polycab India Limited,NSE,Industrials
POLYMED.NS,Poly Medicure Limited,NSE,Healthcare
POLYPLEX.NS,Polyplex Corporation Limited,NSE,Basic Materials
PONNIERODE.NS,Ponni Sugars (Erode) Limited,NSE,Consumer Defensive
POONAWALLA.NS,Poonawalla Fincorp Limited,NSE,Financial Services
POWERGRID.NS,Power Grid Corporation of India Limited,NSE,Utilities
POWERINDIA.NS,Hitachi Energy India Limited,NSE,Industrials
POWERMECH.NS,Power Mech Projects Limited,NSE,Industrials
PPAP.NS,PPAP Automotive Limited,NSE,Consumer Cyclical
PPL.NS,Prakash Pipes Limited,NSE,Industrials
PPLPHARMA.NS,Piramal Pharma Limited,NSE,Healthcare
PRABHA.NS,Prabha Energy Limited,NSE,Energy
PRAENG.NS,Prajay Engineers Syndicate Limited,NSE,Real Estate
PRAJIND.NS,Praj Industries Limited,NSE,Industrials
PRAKASH.NS,Prakash Industries Limited,NSE,Basic Materials
PRAKASHSTL.NS,Prakash Steelage Limited,NSE,Basic Materials
PRAXIS.NS,Praxis Home Retail Limited,NSE,Consumer Cyclical
PRECAM.NS,Precision Camshafts Limited,NSE,Consumer Cyclical
PRECOT.NS,Precot Limited,NSE,Consumer Cyclical
PRECWIRE.NS,Precision Wires India Limited,NSE,Industrials
PREMEXPLN.NS,Premier Explosives Limited,NSE,Basic Materials
PREMIER.NS,Premier Limited,NSE,Industrials
PREMIERENE.NS,Premier Energies Limited,NSE,Technology
PREMIERPOL.NS,Premier Polyfilm Limited,NSE,Basic Materials
PRESTIGE.NS,Prestige Estates Projects Limited,NSE,Real Estate
PRICOLLTD.NS,Pricol Limited,NSE,Consumer Cyclical
PRIMESECU.NS,Prime Securities Limited,NSE,Financial Services
PRIMO.NS,Primo Chemicals Limited,NSE,Basic Materials
PRINCEPIPE.NS,Prince Pipes And Fittings Limited,NSE,Industrials
PRITI.NS,Priti International Limited,NSE,Consumer Cyclical
PRITIKAUTO.NS,Pritika Auto Industries Limited,NSE,Industrials
PRIVISCL.NS,Privi Speciality Chemicals Limited,NSE,Basic Materials
PROSTARM.NS,Prostarm Info Systems Limited,NSE,Industrials
PROTEAN.NS,Protean eGov Technologies Limited,NSE,Technology
PROZONER.NS,Prozone Realty Limited,NSE,Real Estate
PRSMJOHNSN.NS,Prism Johnson Limited,NSE,Basic Materials
PRUDENT.NS,Prudent Corporate Advisory Services Limited,NSE,Financial Services
PRUDMOULI.NS,Prudential Sugar Corporation Limited,NSE,Consumer Defensive
PSB.NS,Punjab & Sind Bank,NSE,Financial Services
PSPPROJECT.NS,PSP Projects Limited,NSE,Industrials
PTC.NS,PTC India Limited,NSE,Utilities
PTCIL.NS,PTC Industries Limited,NSE,Industrials
PTL.NS,PTL Enterprises Limited,NSE,Real Estate
PUNJABCHEM.NS,Punjab Chemicals & Crop Protection Limited,NSE,Basic Materials
PURVA.NS,Puravankara Limited,NSE,Real Estate
PVP.NS,PVP Ventures Limited,NSE,Industrials
PVRINOX.NS,PVR INOX Limited,NSE,Communication Services
PVSL.NS,Popular Vehicles and Services Limited,NSE,Consumer Cyclical
PYRAMID.NS,Pyramid Technoplast Limited,NSE,Consumer Cyclical
QPOWER.NS,Quality Power Electrical Equipments Limited,NSE,Industrials
QUADFUTURE.NS,Quadrant Future Tek Limited,NSE,Industrials
QUESS.NS,Quess Corp Limited,NSE,Industrials
QUICKHEAL.NS,Quick Heal Technologies Limited,NSE,Technology
RACE.NS,Race Eco Chain Limited,NSE,Industrials
RACLGEAR.NS,RACL Geartech Limited,NSE,Consumer Cyclical
RADAAN.NS,Radaan Mediaworks India Limited,NSE,Communication Services
RADHIKAJWE.NS,Radhika Jeweltech Limited,NSE,Consumer Cyclical
RADIANTCMS.NS,Radiant Cash Management Services Limited,NSE,Industrials
RADICO.NS,Radico Khaitan Limited,NSE,Consumer Defensive
RADIOCITY.NS,Music Broadcast Limited,NSE,Communication Services
RAILTEL.NS,Railtel Corporation Of India Limited,NSE,Communication Services
RAIN.NS,Rain Industries Limited,NSE,Basic Materials
RAINBOW.NS,Rainbow Childrens Medicare Limited,NSE,Healthcare
RAJESHEXPO.NS,Rajesh Exports Limited,NSE,Consumer Cyclical
RAJMET.NS,Rajnandini Metal Limited,NSE,Basic Materials
RAJOOENG.NS,Rajoo Engineers Limited,NSE,Industrials
RAJRATAN.NS,Rajratan Global Wire Limited,NSE,Basic Materials
RAJRILTD.NS,Raj Rayon Industries Limited,NSE,Consumer Cyclical
RAJSREESUG.NS,Rajshree Sugars & Chemicals Limited,NSE,Consumer Defensive
RAJTV.NS,Raj Television Network Limited,NSE,Communication Services
RALLIS.NS,Rallis India Limited,NSE,Basic Materials
RAMANEWS.NS,Shree Rama Newsprint Limited,NSE,Consumer Defensive
RAMAPHO.NS,Rama Phosphates Limited,NSE,Basic Materials
RAMASTEEL.NS,Rama Steel Tubes Limited,NSE,Basic Materials
RAMCOCEM.NS,The Ramco Cements Limited,NSE,Basic Materials
RAMCOIND.NS,Ramco Industries Limited,NSE,Industrials
RAMCOSYS.NS,Ramco Systems Limited,NSE,Technology
RAMKY.NS,Ramky Infrastructure Limited,NSE,Industrials
RAMRAT.NS,Ram Ratna Wires Limited,NSE,Industrials
RANASUG.NS,Rana Sugars Limited,NSE,Consumer Defensive
RANEHOLDIN.NS,Rane Holdings Limited,NSE,Consumer Cyclical
RATEGAIN.NS,Rategain Travel Technologies Limited,NSE,Technology
RATNAMANI.NS,Ratnamani Metals & Tubes Limited,NSE,Basic Materials
RATNAVEER.NS,Ratnaveer Precision Engineering Limited,NSE,Basic Materials
RAYMOND.NS,Raymond Limited,NSE,Industrials
RAYMONDLSL.NS,Raymond Lifestyle Limited,NSE,Consumer Cyclical
RAYMONDREL.NS,Raymond Realty Limited,NSE,Real Estate
RBA.NS,Restaurant Brands Asia Limited,NSE,Consumer Cyclical
RBLBANK.NS,RBL Bank Limited,NSE,Financial Services
RBZJEWEL.NS,RBZ Jewellers Limited,NSE,Consumer Cyclical
RCF.NS,Rashtriya Chemicals and Fertilizers Limited,NSE,Basic Materials
RCOM.NS,Reliance Communications Limited,NSE,Communication Services
RECLTD.NS,REC Limited,NSE,Financial Services
REDINGTON.NS,Redington Limited,NSE,Technology
REDTAPE.NS,Redtape Limited,NSE,Consumer Cyclical
REFEX.NS,Refex Industries Limited,NSE,Energy
REGAAL.NS,Regaal Resources Limited,NSE,Consumer Defensive
REGENCERAM.NS,Regency Ceramics Limited,NSE,Industrials
RELAXO.NS,Relaxo Footwears Limited,NSE,Consumer Cyclical
RELCHEMQ.NS,Reliance Chemotex Industries Limited,NSE,Consumer Cyclical
RELIABLE.NS,Reliable Data Services Limited,NSE,Technology
RELIANCE.NS,Reliance Industries Limited,NSE,Energy
RELIGARE.NS,Religare Enterprises Limited,NSE,Financial Services
RELINFRA.NS,Reliance Infrastructure Limited,NSE,Utilities
RELTD.NS,Ravindra Energy Limited,NSE,Technology
REMSONSIND.NS,Remsons Industries Limited,NSE,Consumer Cyclical
RENUKA.NS,Shree Renuka Sugars Limited,NSE,Consumer Defensive
REPCOHOME.NS,Repco Home Finance Limited,NSE,Financial Services
REPL.NS,Rudrabhishek Enterprises Limited,NSE,Industrials
REPRO.NS,Repro India Limited,NSE,Industrials
RESPONIND.NS,Responsive Industries Limited,NSE,Basic Materials
RETAIL.NS,JHS Svendgaard Retail Ventures Limited,NSE,Consumer Defensive
RGL.NS,Renaissance Global Limited,NSE,Consumer Cyclical
RHETAN.NS,Rhetan TMT Limited,NSE,Basic Materials
RHFL.NS,Reliance Home Finance Limited,NSE,Financial Services
RHIM.NS,RHI MAGNESITA INDIA LIMITED,NSE,Industrials
RHL.NS,Robust Hotels Limited,NSE,Consumer Cyclical
RICOAUTO.NS,Rico Auto Industries Limited,NSE,Consumer Cyclical
RIIL.NS,Reliance Industrial Infrastructure Limited,NSE,Industrials
RISHABH.NS,Rishabh Instruments Limited,NSE,Technology
RITCO.NS,Ritco Logistics Limited,NSE,Industrials
RITES.NS,RITES Limited,NSE,Industrials
RKDL.NS,Ravi Kumar Distilleries Limited,NSE,Consumer Defensive
RKEC.NS,RKEC Projects Limited,NSE,Industrials
RKFORGE.NS,Ramkrishna Forgings Limited,NSE,Industrials
RKSWAMY.NS,R K Swamy Limited,NSE,Communication Services
RMDRIP.NS,R M Drip and Sprinklers Systems Limited,NSE,Industrials
RML.NS,Rane (Madras) Limited,NSE,Consumer Cyclical
RNBDENIMS.NS,R&B Denims Limited,NSE,Consumer Cyclical
ROHLTD.NS,Royal Orchid Hotels Limited,NSE,Consumer Cyclical
ROLEXRINGS.NS,Rolex Rings Limited,NSE,Industrials
ROLLT.NS,Rollatainers Limited,NSE,Real Estate
ROLTA.NS,Rolta India Limited,NSE,Technology
ROML.NS,Raj Oil Mills Limited,NSE,Consumer Defensive
ROSSARI.NS,Rossari Biotech Limited,NSE,Basic Materials
ROSSELLIND.NS,Rossell India Limited,NSE,Industrials
ROSSTECH.NS,Rossell Techsys Limited,NSE,Industrials
ROTO.NS,Roto Pumps Limited,NSE,Industrials
ROUTE.NS,ROUTE MOBILE LIMITED,NSE,Communication Services
RPEL.NS,Raghav Productivity Enhancers Limited,NSE,Basic Materials
RPGLIFE.NS,RPG Life Sciences Limited,NSE,Healthcare
RPOWER.NS,Reliance Power Limited,NSE,Utilities
RPPINFRA.NS,R.P.P. Infra Projects Limited,NSE,Industrials
RPPL.NS,Rajshree Polypack Limited,NSE,Consumer Cyclical
RPSGVENT.NS,RPSG VENTURES LIMITED,NSE,Technology
RPTECH.NS,Rashi Peripherals Limited,NSE,Technology
RRKABEL.NS,R R Kabel Limited,NSE,Industrials
RSSOFTWARE.NS,R. S. Software (India) Limited,NSE,Technology
RSWM.NS,RSWM Limited,NSE,Consumer Cyclical
RSYSTEMS.NS,R Systems International Limited,NSE,Technology
RTNINDIA.NS,RattanIndia Enterprises Limited,NSE,Consumer Cyclical
RTNPOWER.NS,RattanIndia Power Limited,NSE,Utilities
RUBFILA.NS,Rubfila International Limited,NSE,Basic Materials
RUBICON.NS,Rubicon Research Limited,NSE,Healthcare
RUBYMILLS.NS,The Ruby Mills Limited,NSE,Consumer Cyclical
RUCHINFRA.NS,Ruchi Infrastructure Limited,NSE,Industrials
RUCHIRA.NS,Ruchira Papers Limited,NSE,Basic Materials
RUPA.NS,Rupa & Company Limited,NSE,Consumer Cyclical
RUSHIL.NS,Rushil Decor Limited,NSE,Consumer Cyclical
RUSTOMJEE.NS,Keystone Realtors Limited,NSE,Real Estate
RVHL.NS,Ravinder Heights Limited,NSE,Real Estate
RVNL.NS,Rail Vikas Nigam Limited,NSE,Industrials
RVTH.NS,Revathi Equipment India Limited,NSE,Industrials
S&SPOWER.NS,S&S Power Switchgears Limited,NSE,Industrials
SAATVIKGL.NS,Saatvik Green Energy Limited,NSE,Technology
SABEVENTS.NS,Sab Events & Governance Now Media Limited,NSE,Communication Services
SABTNL.NS,Sri Adhikari Brothers Television Network Limited,NSE,Communication Services
SADBHAV.NS,Sadbhav Engineering Limited,NSE,Industrials
SADBHIN.NS,Sadbhav Infrastructure Project Limited,NSE,Industrials
SADHNANIQ.NS,Sadhana Nitrochem Limited,NSE,Basic Materials
SAFARI.NS,Safari Industries (India) Limited,NSE,Consumer Cyclical
SAGARDEEP.NS,Sagardeep Alloys Limited,NSE,Basic Materials
SAGCEM.NS,Sagar Cements Limited,NSE,Basic Materials
SAGILITY.NS,SAGILITY LIMITED,NSE,Healthcare
SAHYADRI.NS,Sahyadri Industries Limited,NSE,Industrials
SAIL.NS,Steel Authority of India Limited,NSE,Basic Materials
SAILIFE.NS,Sai Life Sciences Limited,NSE,Healthcare
SAKAR.NS,Sakar Healthcare Limited,NSE,Healthcare
SAKHTISUG.NS,Sakthi Sugars Limited,NSE,Consumer Defensive
SAKSOFT.NS,Saksoft Limited,NSE,Technology
SAKUMA.NS,Sakuma Exports Limited,NSE,Consumer Defensive
SALASAR.NS,Salasar Techno Engineering Limited,NSE,Basic Materials
SALONA.NS,Salona Cotspin Limited,NSE,Consumer Cyclical
SALSTEEL.NS,S.A.L. Steel Limited,NSE,Basic Materials
SALZERELEC.NS,Salzer Electronics Limited,NSE,Industrials
SAMBHAAV.NS,Sambhaav Media Limited,NSE,Communication Services
SAMBHV.NS,Sambhv Steel Tubes Limited,NSE,Basic Materials
SAMHI.NS,Samhi Hotels Limited,NSE,Consumer Cyclical
SAMMAANCAP.NS,Sammaan Capital Limited,NSE,Financial Services
SAMPANN.NS,Sampann Utpadan India Limited,NSE,Basic Materials
SANATHAN.NS,Sanathan Textiles Limited,NSE,Consumer Cyclical
SANDESH.NS,The Sandesh Limited,NSE,Communication Services
SANDHAR.NS,Sandhar Technologies Limited,NSE,Consumer Cyclical
SANDUMA.NS,Sandur Manganese & Iron Ores Limited,NSE,Basic Materials
SANGAMIND.NS,Sangam (India) Limited,NSE,Consumer Cyclical
SANGHIIND.NS,Sanghi Industries Limited,NSE,Basic Materials
SANGHVIMOV.NS,Sanghvi Movers Limited,NSE,Industrials
SANGINITA.NS,Sanginita Chemicals Limited,NSE,Basic Materials
SANOFI.NS,Sanofi India Limited,NSE,Healthcare
SANOFICONR.NS,Sanofi Consumer Healthcare India Limited,NSE,Healthcare
SANSERA.NS,Sansera Engineering Limited,NSE,Consumer Cyclical
SANSTAR.NS,Sanstar Limited,NSE,Basic Materials
SANWARIA.NS,Sanwaria Consumer Limited,NSE,Consumer Defensive
SAPPHIRE.NS,Sapphire Foods India Limited,NSE,Consumer Cyclical
SARDAEN.NS,Sarda Energy & Minerals Limited,NSE,Basic Materials
SAREGAMA.NS,Saregama India Limited,NSE,Communication Services
SARLAPOLY.NS,Sarla Performance Fibers Limited,NSE,Consumer Cyclical
SARVESHWAR.NS,Sarveshwar Foods Limited,NSE,Consumer Defensive
SASKEN.NS,Sasken Technologies Limited,NSE,Technology
SASTASUNDR.NS,Sastasundar Ventures Limited,NSE,Healthcare
SATIA.NS,Satia Industries Limited,NSE,Basic Materials
SATIN.NS,Satin Creditcare Network Limited,NSE,Financial Services
SAURASHCEM.NS,Saurashtra Cement Limited,NSE,Basic Materials
SBC.NS,SBC Exports Limited,NSE,Industrials
SBCL.NS,Shivalik Bimetal Controls Limited,NSE,Industrials
SBFC.NS,SBFC Finance Limited,NSE,Financial Services
SBGLP.NS,Suratwwala Business Group Limited,NSE,Real Estate
SBICARD.NS,SBI Cards and Payment Services Limited,NSE,Financial Services
SBILIFE.NS,SBI Life Insurance Company Limited,NSE,Financial Services
SBIN.NS,State Bank of India,NSE,Financial Services
SCHAEFFLER.NS,Schaeffler India Limited,NSE,Consumer Cyclical
SCHAND.NS,S Chand And Company Limited,NSE,Communication Services
SCHNEIDER.NS,Schneider Electric Infrastructure Limited,NSE,Industrials
SCI.NS,Shipping Corporation Of India Limited,NSE,Industrials
SCILAL.NS,Shipping Corporation of India Land and Assets Limited,NSE,Real Estate
SCODATUBES.NS,Scoda Tubes Limited,NSE,Basic Materials
SCPL.NS,Sheetal Cool Products Limited,NSE,Consumer Defensive
SDBL.NS,Som Distilleries & Breweries Limited,NSE,Consumer Defensive
SEAMECLTD.NS,Seamec Limited,NSE,Industrials
SECMARK.NS,SecMark Consultancy Limited,NSE,Industrials
SECURKLOUD.NS,SECUREKLOUD TECHNOLOGIES LIMITED,NSE,Technology
SEJALLTD.NS,Sejal Glass Limited,NSE,Industrials
SELMC.NS,SEL Manufacturing Company Limited,NSE,Consumer Cyclical
SEMAC.NS,Semac Construction Limited,NSE,Industrials
SENCO.NS,Senco Gold Limited,NSE,Consumer Cyclical
SENORES.NS,Senores Pharmaceuticals Limited,NSE,Healthcare
SEPC.NS,SEPC Limited,NSE,Industrials
SEQUENT.NS,Sequent Scientific Limited,NSE,Healthcare
SERVOTECH.NS,Servotech Renewable Power System Limited,NSE,Industrials
SESHAPAPER.NS,Seshasayee Paper and Boards Limited,NSE,Basic Materials
SETCO.NS,Setco Automotive Limited,NSE,Consumer Cyclical
SETUINFRA.NS,Setubandhan Infrastructure Limited,NSE,Industrials
SEYAIND.NS,Seya Industries Limited,NSE,Basic Materials
SFL.NS,Sheela Foam Limited,NSE,Consumer Cyclical
SGFIN.NS,SG Finserve Limited,NSE,Financial Services
SGIL.NS,Synergy Green Industries Limited,NSE,Industrials
SGL.NS,STL Global Limited,NSE,Consumer Cyclical
SGLTL.NS,Standard Glass Lining Technology Limited,NSE,Industrials
SGMART.NS,SG Mart Limited,NSE,Industrials
SHAH.NS,Shah Metacorp Limited,NSE,Basic Materials
SHAHALLOYS.NS,Shah Alloys Limited,NSE,Basic Materials
SHAILY.NS,Shaily Engineering Plastics Limited,NSE,Basic Materials
SHAKTIPUMP.NS,Shakti Pumps (India) Limited,NSE,Industrials
SHALBY.NS,Shalby Limited,NSE,Healthcare
SHALPAINTS.NS,Shalimar Paints Limited,NSE,Basic Materials
SHANKARA.NS,Shankara Building Products Limited,NSE,Consumer Cyclical
SHANTI.NS,Shanti Overseas (India) Limited,NSE,Consumer Defensive
SHANTIGEAR.NS,Shanthi Gears Limited,NSE,Industrials
SHANTIGOLD.NS,Shanti Gold International Limited,NSE,Consumer Cyclical
SHARDACROP.NS,Sharda Cropchem Limited,NSE,Basic Materials
SHARDAMOTR.NS,Sharda Motor Industries Limited,NSE,Consumer Cyclical
SHAREINDIA.NS,Share India Securities Limited,NSE,Financial Services
SHEKHAWATI.NS,Shekhawati Industries Limited,NSE,Consumer Cyclical
SHEMAROO.NS,Shemaroo Entertainment Limited,NSE,Communication Services
SHILPAMED.NS,Shilpa Medicare Limited,NSE,Healthcare
SHIVALIK.NS,Shivalik Rasayan Limited,NSE,Basic Materials
SHIVAMAUTO.NS,Shivam Autotech Limited,NSE,Consumer Cyclical
SHIVAMILLS.NS,Shiva Mills Limited,NSE,Consumer Cyclical
SHIVATEX.NS,Shiva Texyarn Limited,NSE,Consumer Cyclical
SHK.NS,S H Kelkar and Company Limited,NSE,Basic Materials
SHOPERSTOP.NS,Shoppers Stop Limited,NSE,Consumer Cyclical
SHRADHA.NS,Shradha Infraprojects Limited,NSE,Real Estate
SHREDIGCEM.NS,Shree Digvijay Cement Co.Ltd,NSE,Basic Materials
SHREECEM.NS,SHREE CEMENT LIMITED,NSE,Basic Materials
SHREEJISPG.NS,Shreeji Shipping Global Limited,NSE,Industrials
SHREEPUSHK.NS,Shree Pushkar Chemicals & Fertilisers Limited,NSE,Basic Materials
SHREERAMA.NS,Shree Rama Multi-Tech Limited,NSE,Consumer Cyclical
SHRENIK.NS,Shrenik Limited,NSE,Basic Materials
SHREYANIND.NS,Shreyans Industries Limited,NSE,Basic Materials
SHRINGARMS.NS,Shringar House of Mangalsutra Limited,NSE,Consumer Cyclical
SHRIPISTON.NS,Shriram Pistons & Rings Limited,NSE,Consumer Cyclical
SHRIRAMFIN.NS,Shriram Finance Limited,NSE,Financial Services
SHRIRAMPPS.NS,Shriram Properties Limited,NSE,Real Estate
SHYAMCENT.NS,Shyam Century Ferrous Limited,NSE,Basic Materials
SHYAMMETL.NS,Shyam Metalics and Energy Limited,NSE,Basic Materials
SHYAMTEL.NS,Shyam Telecom Limited,NSE,Technology
SIEMENS.NS,Siemens Limited,NSE,Industrials
SIGACHI.NS,Sigachi Industries Limited,NSE,Healthcare
SIGIND.NS,Signet Industries Limited,NSE,Industrials
SIGMA.NS,Sigma Solve Limited,NSE,Technology
SIGNATURE.NS,Signatureglobal (India) Limited,NSE,Real Estate
SIGNPOST.NS,Signpost India Limited,NSE,Communication Services
SIKKO.NS,Sikko Industries Limited,NSE,Basic Materials
SIL.NS,Standard Industries Limited,NSE,Consumer Cyclical
SILGO.NS,Silgo Retail Limited,NSE,Consumer Cyclical
SILINV.NS,SIL Investments Limited,NSE,Financial Services
SILLYMONKS.NS,Silly Monks Entertainment Limited,NSE,Communication Services
SILVERTUC.NS,Silver Touch Technologies Limited,NSE,Technology
SIMBHALS.NS,Simbhaoli Sugars Limited,NSE,Consumer Defensive
SIMPLEXINF.NS,Simplex Infrastructures Limited,NSE,Industrials
SINCLAIR.NS,Sinclairs Hotels Limited,NSE,Consumer Cyclical
SINDHUTRAD.NS,Sindhu Trade Links Limited,NSE,Industrials
SINTERCOM.NS,Sintercom India Limited,NSE,Consumer Cyclical
SIRCA.NS,Sirca Paints India Limited,NSE,Basic Materials
SIS.NS,SIS LIMITED,NSE,Industrials
SITINET.NS,Siti Networks Limited,NSE,Communication Services
SIYSIL.NS,Siyaram Silk Mills Limited,NSE,Consumer Cyclical
SJS.NS,S.J.S. Enterprises Limited,NSE,Consumer Cyclical
SJVN.NS,SJVN Limited,NSE,Utilities
SKFINDIA.NS,SKF India Limited,NSE,Industrials
SKIPPER.NS,Skipper Limited,NSE,Industrials
SKMEGGPROD.NS,SKM Egg Products Export (India) Limited,NSE,Consumer Defensive
SKYGOLD.NS,SKY GOLD AND DIAMONDS LIMITED,NSE,Consumer Cyclical
SMARTLINK.NS,Smartlink Holdings Limited,NSE,Technology
SMARTWORKS.NS,Smartworks Coworking Spaces Limited,NSE,Real Estate
SMCGLOBAL.NS,SMC Global Securities Limited,NSE,Financial Services
SMLISUZU.NS,SML Isuzu Limited,NSE,Consumer Cyclical
SMLT.NS,Sarthak Metals Limited,NSE,Industrials
SMSLIFE.NS,SMS Lifesciences India Limited,NSE,Healthcare
SMSPHARMA.NS,SMS Pharmaceuticals Limited,NSE,Healthcare
SNOWMAN.NS,Snowman Logistics Limited,NSE,Industrials
SOBHA.NS,Sobha Limited,NSE,Real Estate
SOFTTECH.NS,Softtech Engineers Limited,NSE,Technology
SOLARA.NS,Solara Active Pharma Sciences Limited,NSE,Healthcare
SOLARINDS.NS,Solar Industries India Limited,NSE,Basic Materials
SOLARWORLD.NS,Solarworld Energy Solutions Limited,NSE,Technology
SOLEX.NS,Solex Energy Limited,NSE,Technology
SOMANYCERA.NS,Somany Ceramics Limited,NSE,Industrials
SOMATEX.NS,Soma Textiles & Industries Limited,NSE,Consumer Cyclical
SOMICONVEY.NS,Somi Conveyor Beltings Limited,NSE,Industrials
SONACOMS.NS,Sona BLW Precision Forgings Limited,NSE,Consumer Cyclical
SONAMLTD.NS,SONAM LIMITED,NSE,Consumer Cyclical
SONATSOFTW.NS,Sonata Software Limited,NSE,Technology
SOTL.NS,Savita Oil Technologies Limited,NSE,Basic Materials
SOUTHBANK.NS,The South Indian Bank Limited,NSE,Financial Services
SOUTHWEST.NS,South West Pinnacle Exploration Limited,NSE,Energy
SPAL.NS,S. P. Apparels Limited,NSE,Consumer Cyclical
SPANDANA.NS,Spandana Sphoorty Financial Limited,NSE,Financial Services
SPARC.NS,Sun Pharma Advanced Research Company Limited,NSE,Healthcare
SPCENET.NS,Spacenet Enterprises India Limited,NSE,Financial Services
SPECIALITY.NS,Speciality Restaurants Limited,NSE,Consumer Cyclical
SPECTRUM.NS,Spectrum Electrical Industries Limited,NSE,Industrials
SPENCERS.NS,Spencer's Retail Limited,NSE,Consumer Cyclical
SPIC.NS,Southern Petrochemicals Industries Corporation  Limited,NSE,Basic Materials
SPLIL.NS,SPL Industries Limited,NSE,Consumer Cyclical
SPLPETRO.NS,Supreme Petrochem Limited,NSE,Basic Materials
SPMLINFRA.NS,SPML Infra Limited,NSE,Industrials
SPORTKING.NS,Sportking India Limited,NSE,Consumer Cyclical
SRD.NS,Shankar Lal Rampal Dye-Chem Limited,NSE,Basic Materials
SREEL.NS,Sreeleathers Limited,NSE,Consumer Cyclical
SRF.NS,SRF Limited,NSE,Industrials
SRGHFL.NS,SRG Housing Finance Limited,NSE,Financial Services
SRHHYPOLTD.NS,Sree Rayalaseema Hi-Strength Hypo Limited,NSE,Basic Materials
SRM.NS,SRM Contractors Limited,NSE,Industrials
SRPL.NS,Shree Ram Proteins Limited,NSE,Consumer Defensive
SSDL.NS,Saraswati Saree Depot Limited,NSE,Consumer Cyclical
SSWL.NS,Steel Strips Wheels Limited,NSE,Consumer Cyclical
STALLION.NS,Stallion India Fluorochemicals Limited,NSE,Basic Materials
STANLEY.NS,Stanley Lifestyles Limited,NSE,Consumer Cyclical
STAR.NS,Strides Pharma Science Limited,NSE,Healthcare
STARCEMENT.NS,Star Cement Limited,NSE,Basic Materials
STARHEALTH.NS,Star Health and Allied Insurance Company Limited,NSE,Financial Services
STARPAPER.NS,Star Paper Mills Limited,NSE,Basic Materials
STARTECK.NS,Starteck Finance Limited,NSE,Financial Services
STCINDIA.NS,The State Trading Corporation of India Limited,NSE,Industrials
STEELCAS.NS,Steelcast Limited,NSE,Basic Materials
STEELCITY.NS,Steel City Securities Limited,NSE,Financial Services
STEELXIND.NS,STEEL EXCHANGE INDIA LIMITED,NSE,Basic Materials
STEL.NS,Stel Holdings Limited,NSE,Financial Services
STERTOOLS.NS,Sterling Tools Limited,NSE,Industrials
STLNETWORK.NS,STL Networks Limited,NSE,Communication Services
STLTECH.NS,Sterlite Technologies Limited,NSE,Technology
STOVEKRAFT.NS,Stove Kraft Limited,NSE,Consumer Cyclical
STYL.NS,Seshaasai Technologies Limited,NSE,Technology
STYLAMIND.NS,Stylam Industries Limited,NSE,Consumer Cyclical
STYLEBAAZA.NS,Baazar Style Retail Limited,NSE,Consumer Cyclical
STYRENIX.NS,Styrenix Performance Materials Limited,NSE,Basic Materials
SUBEXLTD.NS,Subex Limited,NSE,Technology
SUBROS.NS,Subros Limited,NSE,Consumer Cyclical
SUDARSCHEM.NS,Sudarshan Chemical Industries Limited,NSE,Basic Materials
SUKHJITS.NS,Sukhjit Starch & Chemicals Limited,NSE,Basic Materials
SULA.NS,Sula Vineyards Limited,NSE,Consumer Defensive
SUMEETINDS.NS,Sumeet Industries Limited,NSE,Consumer Cyclical
SUMICHEM.NS,Sumitomo Chemical India Limited,NSE,Basic Materials
SUMIT.NS,Sumit Woods Limited,NSE,Real Estate
SUMMITSEC.NS,Summit Securities Limited,NSE,Financial Services
SUNCLAY.NS,Sundaram Clayton Limited,NSE,Industrials
SUNDARAM.NS,Sundaram Multi Pap Limited,NSE,Basic Materials
SUNDARMFIN.NS,Sundaram Finance Limited,NSE,Financial Services
SUNDRMBRAK.NS,Sundaram Brake Linings Limited,NSE,Consumer Cyclical
SUNDRMFAST.NS,Sundram Fasteners Limited,NSE,Consumer Cyclical
SUNDROP.NS,Sundrop Brands Limited,NSE,Consumer Defensive
SUNFLAG.NS,Sunflag Iron And Steel Company Limited,NSE,Basic Materials
SUNPHARMA.NS,Sun Pharmaceutical Industries Limited,NSE,Healthcare
SUNTECK.NS,Sunteck Realty Limited,NSE,Real Estate
SUNTV.NS,Sun TV Network Limited,NSE,Communication Services
SUPERHOUSE.NS,Superhouse Limited,NSE,Consumer Cyclical
SUPERSPIN.NS,Super Spinning Mills Limited,NSE,Consumer Cyclical
SUPRAJIT.NS,Suprajit Engineering Limited,NSE,Consumer Cyclical
SUPREME.NS,Supreme Holdings & Hospitality (India) Limited,NSE,Real Estate
SUPREMEIND.NS,Supreme Industries Limited,NSE,Industrials
SUPREMEINF.NS,Supreme Infrastructure India Limited,NSE,Industrials
SUPRIYA.NS,Supriya Lifescience Limited,NSE,Healthcare
SURAJEST.NS,Suraj Estate Developers Limited,NSE,Real Estate
SURAJLTD.NS,Suraj Limited,NSE,Basic Materials
SURAKSHA.NS,Suraksha Diagnostic Limited,NSE,Healthcare
SURANASOL.NS,Surana Solar Limited,NSE,Technology
SURANAT&P.NS,Surana Telecom and Power Limited,NSE,Utilities
SURYALAXMI.NS,Suryalakshmi Cotton Mills Limited,NSE,Consumer Cyclical
SURYAROSNI.NS,Surya Roshni Limited,NSE,Basic Materials
SURYODAY.NS,Suryoday Small Finance Bank Limited,NSE,Financial Services
SUTLEJTEX.NS,Sutlej Textiles and Industries Limited,NSE,Consumer Cyclical
SUVEN.NS,Suven Life Sciences Limited,NSE,Healthcare
SUVIDHAA.NS,Suvidhaa Infoserve Limited,NSE,Technology
SUYOG.NS,Suyog Telematics Limited,NSE,Communication Services
SUZLON.NS,Suzlon Energy Limited,NSE,Industrials
SVLL.NS,Shree Vasu Logistics Limited,NSE,Industrials
SVPGLOB.NS,SVP GLOBAL TEXTILES LIMITED,NSE,Consumer Cyclical
SWANCORP.NS,SWAN CORP LIMITED,NSE,Industrials
SWARAJENG.NS,Swaraj Engines Limited,NSE,Consumer Cyclical
SWELECTES.NS,Swelect Energy Systems Limited,NSE,Technology
SWIGGY.NS,Swiggy Limited,NSE,Consumer Cyclical
SWSOLAR.NS,Sterling and Wilson Renewable Energy Limited,NSE,Technology
SYMPHONY.NS,Symphony Limited,NSE,Consumer Cyclical
SYNCOMF.NS,Syncom Formulations (India) Limited,NSE,Healthcare
SYNGENE.NS,Syngene International Limited,NSE,Healthcare
SYRMA.NS,Syrma SGS Technology Limited,NSE,Technology
SYSTMTXC.NS,Systematix Corporate Services Limited,NSE,Financial Services
TAINWALCHM.NS,Tainwala Chemical and Plastic (I) Limited,NSE,Basic Materials
TAJGVK.NS,Taj GVK Hotels & Resorts Limited,NSE,Consumer Cyclical
TAKE.NS,Take Solutions Limited,NSE,Healthcare
TALBROAUTO.NS,Talbros Automotive Components Limited,NSE,Consumer Cyclical
TANLA.NS,Tanla Platforms Limited,NSE,Technology
TARACHAND.NS,Tara Chand InfraLogistic Solutions Limited,NSE,Industrials
TARAPUR.NS,Tarapur Transformers Limited,NSE,Industrials
TARC.NS,TARC Limited,NSE,Real Estate
TARIL.NS,Transformers And Rectifiers (India) Limited,NSE,Industrials
TARMAT.NS,Tarmat Limited,NSE,Industrials
TARSONS.NS,Tarsons Products Limited,NSE,Healthcare
TASTYBITE.NS,Tasty Bite Eatables Limited,NSE,Consumer Defensive
TATACAP.NS,Tata Capital Limited,NSE,Financial Services
TATACHEM.NS,Tata Chemicals Limited,NSE,Basic Materials
TATACOMM.NS,Tata Communications Limited,NSE,Communication Services
TATACONSUM.NS,TATA CONSUMER PRODUCTS LIMITED,NSE,Consumer Defensive
TATAELXSI.NS,Tata Elxsi Limited,NSE,Technology
TATAINVEST.NS,Tata Investment Corporation Limited,NSE,Financial Services
TATAPOWER.NS,Tata Power Company Limited,NSE,Utilities
TATASTEEL.NS,Tata Steel Limited,NSE,Basic Materials
TATATECH.NS,Tata Technologies Limited,NSE,Technology
TATVA.NS,Tatva Chintan Pharma Chem Limited,NSE,Basic Materials
TBOTEK.NS,TBO Tek Limited,NSE,Consumer Cyclical
TBZ.NS,Tribhovandas Bhimji Zaveri Limited,NSE,Consumer Cyclical
TCI.NS,Transport Corporation of India Limited,NSE,Industrials
TCIEXP.NS,TCI Express Limited,NSE,Industrials
TCIFINANCE.NS,TCI Finance Limited,NSE,Financial Services
TCPLPACK.NS,TCPL Packaging Limited,NSE,Consumer Cyclical
TCS.NS,Tata Consultancy Services Limited,NSE,Technology
TDPOWERSYS.NS,TD Power Systems Limited,NSE,Industrials
TEAMGTY.NS,Team India Guaranty Limited,NSE,Financial Services
TEAMLEASE.NS,Teamlease Services Limited,NSE,Industrials
TECHM.NS,Tech Mahindra Limited,NSE,Technology
TECHNOE.NS,Techno Electric & Engineering Company Limited,NSE,Industrials
TECILCHEM.NS,TECIL Chemicals and Hydro Power Limited,NSE,Financial Services
TEGA.NS,Tega Industries Limited,NSE,Industrials
TEJASNET.NS,Tejas Networks Limited,NSE,Technology
TEMBO.NS,Tembo Global Industries Limited,NSE,Industrials
TERASOFT.NS,Tera Software Limited,NSE,Technology
TEXINFRA.NS,Texmaco Infrastructure & Holdings Limited,NSE,Real Estate
TEXMOPIPES.NS,Texmo Pipes and Products Limited,NSE,Industrials
TEXRAIL.NS,Texmaco Rail & Engineering Limited,NSE,Industrials
TFCILTD.NS,Tourism Finance Corporation of India Limited,NSE,Financial Services
TFL.NS,Transwarranty Finance Limited,NSE,Financial Services
TGBHOTELS.NS,TGB Banquets And Hotels Limited,NSE,Consumer Cyclical
THANGAMAYL.NS,Thangamayil Jewellery Limited,NSE,Consumer Cyclical
THEINVEST.NS,The Investment Trust Of India Limited,NSE,Financial Services
THEJO.NS,Thejo Engineering Limited,NSE,Industrials
THELEELA.NS,Leela Palaces Hotels & Resorts Limited,NSE,Consumer Cyclical
THEMISMED.NS,Themis Medicare Limited,NSE,Healthcare
THERMAX.NS,Thermax Limited,NSE,Industrials
THOMASCOOK.NS,Thomas Cook  (India)  Limited,NSE,Consumer Cyclical
THOMASCOTT.NS,Thomas Scott (India) Limited,NSE,Consumer Cyclical
THYROCARE.NS,Thyrocare Technologies Limited,NSE,Healthcare
TI.NS,Tilaknagar Industries Limited,NSE,Consumer Defensive
TICL.NS,Twamev Construction and Infrastructure Limited,NSE,Industrials
TIGERLOGS.NS,Tiger Logistics (India) Limited,NSE,Industrials
TIIL.NS,Technocraft Industries (India) Limited,NSE,Industrials
TIINDIA.NS,Tube Investments of India Limited,NSE,Industrials
TIJARIA.NS,Tijaria Polypipes Limited,NSE,Industrials
TIL.NS,TIL Limited,NSE,Industrials
TIMETECHNO.NS,Time Technoplast Limited,NSE,Consumer Cyclical
TIMKEN.NS,Timken India Limited,NSE,Industrials
TINNARUBR.NS,Tinna Rubber and Infrastructure Limited,NSE,Basic Materials
TIPSFILMS.NS,Tips Films Limited,NSE,Communication Services
TIPSMUSIC.NS,Tips Music Limited,NSE,Communication Services
TIRUMALCHM.NS,Thirumalai Chemicals Limited,NSE,Basic Materials
TIRUPATIFL.NS,Tirupati Forge Limited,NSE,Industrials
TITAGARH.NS,TITAGARH RAIL SYSTEMS LIMITED,NSE,Industrials
TITAN.NS,Titan Company Limited,NSE,Consumer Cyclical
TMB.NS,Tamilnad Mercantile Bank Limited,NSE,Financial Services
TMPV.NS,Tata Motors Passenger Vehicles Limited,NSE,Unknown
TNPETRO.NS,Tamilnadu PetroProducts Limited,NSE,Basic Materials
TNPL.NS,Tamil Nadu Newsprint & Papers Limited,NSE,Basic Materials
TNTELE.NS,Tamilnadu Telecommunication Limited,NSE,Technology
TOKYOPLAST.NS,Tokyo Plast International Limited,NSE,Consumer Cyclical
TOLINS.NS,Tolins Tyres Limited,NSE,Consumer Cyclical
TORNTPHARM.NS,Torrent Pharmaceuticals Limited,NSE,Healthcare
TORNTPOWER.NS,Torrent Power Limited,NSE,Utilities
TOTAL.NS,Total Transport Systems Limited,NSE,Industrials
TOUCHWOOD.NS,Touchwood Entertainment Limited,NSE,Communication Services
TPHQ.NS,Teamo Productions HQ Limited,NSE,Industrials
TPLPLASTEH.NS,TPL Plastech Limited,NSE,Consumer Cyclical
TRACXN.NS,Tracxn Technologies Limited,NSE,Technology
TRANSRAILL.NS,Transrail Lighting Limited,NSE,Industrials
TRANSWORLD.NS,TRANSWORLD SHIPPING LINES LIMITED,NSE,Industrials
TRAVELFOOD.NS,Travel Food Services Limited,NSE,Consumer Cyclical
TREEHOUSE.NS,Tree House Education & Accessories Limited,NSE,Consumer Defensive
TREJHARA.NS,TREJHARA SOLUTIONS LIMITED,NSE,Technology
TREL.NS,Transindia Real Estate Limited,NSE,Real Estate
TRENT.NS,Trent Limited,NSE,Consumer Cyclical
TRF.NS,TRF Limited,NSE,Industrials
TRIDENT.NS,Trident Limited,NSE,Consumer Cyclical
TRIGYN.NS,Trigyn Technologies Limited,NSE,Technology
TRITURBINE.NS,Triveni Turbine Limited,NSE,Industrials
TRIVENI.NS,Triveni Engineering & Industries Limited,NSE,Consumer Defensive
TRU.NS,TruCap Finance Limited,NSE,Financial Services
TRUALT.NS,TruAlt Bioenergy Limited,NSE,Energy
TSFINV.NS,TSF INVESTMENTS LIMITED,NSE,Financial Services
TTKHLTCARE.NS,TTK Healthcare Limited,NSE,Healthcare
TTKPRESTIG.NS,TTK Prestige Limited,NSE,Consumer Cyclical
TTL.NS,T T Limited,NSE,Consumer Cyclical
TTML.NS,Tata Teleservices (Maharashtra) Limited,NSE,Communication Services
TVSELECT.NS,TVS Electronics Limited,NSE,Technology
TVSHLTD.NS,TVS Holdings Limited,NSE,Consumer Cyclical
TVSMOTOR.NS,TVS Motor Company Limited,NSE,Consumer Cyclical
TVSSCS.NS,TVS Supply Chain Solutions Limited,NSE,Industrials
TVSSRICHAK.NS,TVS Srichakra Limited,NSE,Consumer Cyclical
TVTODAY.NS,TV Today Network Limited,NSE,Communication Services
TVVISION.NS,TV Vision Limited,NSE,Communication Services
UBL.NS,United Breweries Limited,NSE,Consumer Defensive
UCAL.NS,UCAL LIMITED,NSE,Consumer Cyclical
UCOBANK.NS,UCO Bank,NSE,Financial Services
UDS.NS,Updater Services Limited,NSE,Industrials
UFBL.NS,United Foodbrands Limited,NSE,Consumer Cyclical
UFLEX.NS,UFLEX Limited,NSE,Consumer Cyclical
UFO.NS,UFO Moviez India Limited,NSE,Communication Services
UGARSUGAR.NS,The Ugar Sugar Works Limited,NSE,Consumer Defensive
UGROCAP.NS,Ugro Capital Limited,NSE,Financial Services
UJJIVANSFB.NS,Ujjivan Small Finance Bank Limited,NSE,Financial Services
ULTRACEMCO.NS,UltraTech Cement Limited,NSE,Basic Materials
UMAEXPORTS.NS,Uma Exports Limited,NSE,Consumer Defensive
UMESLTD.NS,Usha Martin Education & Solutions Limited,NSE,Consumer Defensive
UMIYA-MRO.NS,UMIYA BUILDCON LIMITED,NSE,Real Estate
UNICHEMLAB.NS,Unichem Laboratories Limited,NSE,Healthcare
UNIDT.NS,United Drilling Tools Limited,NSE,Energy
UNIECOM.NS,Unicommerce Esolutions Limited,NSE,Technology
UNIENTER.NS,Uniphos Enterprises Limited,NSE,Basic Materials
UNIINFO.NS,Uniinfo Telecom Services Limited,NSE,Communication Services
UNIMECH.NS,Unimech Aerospace and Manufacturing Limited,NSE,Industrials
UNIONBANK.NS,Union Bank of India,NSE,Unknown
UNIPARTS.NS,Uniparts India Limited,NSE,Unknown
UNITDSPR.NS,United Spirits Limited,NSE,Unknown
UNITECH.NS,Unitech Limited,NSE,Unknown
UNITEDPOLY.NS,United Polyfab Gujarat Limited,NSE,Unknown
UNITEDTEA.NS,The United Nilgiri Tea Estates Company Limited,NSE,Unknown
UNIVASTU.NS,Univastu India Limited,NSE,Unknown
UNIVCABLES.NS,Universal Cables Limited,NSE,Unknown
UNIVPHOTO.NS,Universus Photo Imagings Limited,NSE,Unknown
UNOMINDA.NS,UNO Minda Limited,NSE,Unknown
UPL.NS,UPL Limited,NSE,Unknown
URAVIDEF.NS,Uravi Defence and Technology Limited,NSE,Unknown
URBANCO.NS,Urban Company Limited,NSE,Unknown
URJA.NS,Urja Global Limited,NSE,Unknown
USHAMART.NS,Usha Martin Limited,NSE,Unknown
USK.NS,Udayshivakumar Infra Limited,NSE,Unknown
UTIAMC.NS,UTI Asset Management Company Limited,NSE,Unknown
UTKAR-RE.NS,Utkarsh Small Finance Bank Limited-RE,NSE,Unknown
UTKARSHBNK.NS,Utkarsh Small Finance Bank Limited,NSE,Unknown
UTTAMSUGAR.NS,Uttam Sugar Mills Limited,NSE,Unknown
UYFINCORP.NS,U. Y. Fincorp Limited,NSE,Unknown
V2RETAIL.NS,V2 Retail Limited,NSE,Unknown
VADILALIND.NS,Vadilal Industries Limited,NSE,Unknown
VAIBHAVGBL.NS,Vaibhav Global Limited,NSE,Unknown
VAISHALI.NS,Vaishali Pharma Limited,NSE,Unknown
VAKRANGEE.NS,Vakrangee Limited,NSE,Unknown
VALIANTLAB.NS,Valiant Laboratories Limited,NSE,Unknown
VALIANTORG.NS,Valiant Organics Limited,NSE,Unknown
VARDHACRLC.NS,Vardhman Acrylics Limited,NSE,Unknown
VARDMNPOLY.NS,Vardhman Polytex Limited,NSE,Unknown
VARROC.NS,Varroc Engineering Limited,NSE,Unknown
VASCONEQ.NS,Vascon Engineers Limited,NSE,Unknown
VASWANI.NS,Vaswani Industries Limited,NSE,Unknown
VBL.NS,Varun Beverages Limited,NSE,Unknown
VCL.NS,Vaxtex Cotfab Limited,NSE,Unknown
VEDL.NS,Vedanta Limited,NSE,Unknown
VEEDOL.NS,Veedol Corporation Limited,NSE,Unknown
VENKEYS.NS,Venky's (India) Limited,NSE,Unknown
VENTIVE.NS,Ventive Hospitality Limited,NSE,Unknown
VENUSPIPES.NS,Venus Pipes & Tubes Limited,NSE,Unknown
VENUSREM.NS,Venus Remedies Limited,NSE,Unknown
VERANDA.NS,Veranda Learning Solutions Limited,NSE,Unknown
VERTOZ.NS,Vertoz Limited,NSE,Unknown
VESUVIUS.NS,Vesuvius India Limited,NSE,Unknown
VETO.NS,Veto Switchgears And Cables Limited,NSE,Unknown
VGL.NS,VARVEE GLOBAL LIMITED,NSE,Unknown
VGUARD.NS,V-Guard Industries Limited,NSE,Unknown
VHL.NS,Vardhman Holdings Limited,NSE,Unknown
VHLTD.NS,Viceroy Hotels Limited,NSE,Unknown
VIDHIING.NS,Vidhi Specialty Food Ingredients Limited,NSE,Unknown
VIJAYA.NS,Vijaya Diagnostic Centre Limited,NSE,Unknown
VIJIFIN.NS,Viji Finance Limited,NSE,Unknown
VIKASECO.NS,Vikas EcoTech Limited,NSE,Unknown
VIKASLIFE.NS,Vikas Lifecare Limited,NSE,Unknown
VIKRAMSOLR.NS,Vikram Solar Limited,NSE,Unknown
VIKRAN.NS,Vikran Engineering Limited,NSE,Unknown
VIMTALABS.NS,Vimta Labs Limited,NSE,Unknown
VINATIORGA.NS,Vinati Organics Limited,NSE,Unknown
VINCOFE.NS,Vintage Coffee And Beverages Limited,NSE,Unknown
VINDHYATEL.NS,Vindhya Telelinks Limited,NSE,Unknown
VINEETLAB.NS,Vineet Laboratories Limited,NSE,Unknown
VINNY.NS,Vinny Overseas Limited,NSE,Unknown
VINYLINDIA.NS,Vinyl Chemicals (India) Limited,NSE,Unknown
VIPCLOTHNG.NS,VIP Clothing Limited,NSE,Unknown
VIPIND.NS,VIP Industries Limited,NSE,Unknown
VIPULLTD.NS,Vipul Limited,NSE,Unknown
VIRINCHI.NS,Virinchi Limited,NSE,Unknown
VISAKAIND.NS,Visaka Industries Limited,NSE,Unknown
VISASTEEL.NS,Visa Steel Limited,NSE,Unknown
VISHNU.NS,Vishnu Chemicals Limited,NSE,Unknown
VISHWARAJ.NS,Vishwaraj Sugar Industries Limited,NSE,Unknown
VIVIDHA.NS,Visagar Polytex Limited,NSE,Unknown
VLEGOV.NS,VL E-Governance & IT Solutions Limited,NSE,Unknown
VLSFINANCE.NS,VLS Finance Limited,NSE,Unknown
VMART.NS,V-Mart Retail Limited,NSE,Unknown
VMM.NS,Vishal Mega Mart Limited,NSE,Unknown
VMSTMT.NS,VMS TMT Limited,NSE,Unknown
VOLTAMP.NS,Voltamp Transformers Limited,NSE,Unknown
VOLTAS.NS,Voltas Limited,NSE,Unknown
VPRPL.NS,Vishnu Prakash R Punglia Limited,NSE,Unknown
VRAJ.NS,Vraj Iron and Steel Limited,NSE,Unknown
VRLLOG.NS,VRL Logistics Limited,NSE,Unknown
VSSL.NS,Vardhman Special Steels Limited,NSE,Unknown
VSTIND.NS,VST Industries Limited,NSE,Unknown
VSTL.NS,Vibhor Steel Tubes Limited,NSE,Unknown
VSTTILLERS.NS,V.S.T Tillers Tractors Limited,NSE,Unknown
VTL.NS,Vardhman Textiles Limited,NSE,Unknown
WAAREEENER.NS,Waaree Energies Limited,NSE,Unknown
WAAREERTL.NS,Waaree Renewable Technologies Limited,NSE,Unknown
WABAG.NS,VA Tech Wabag Limited,NSE,Unknown
WALCHANNAG.NS,Walchandnagar Industries Limited,NSE,Unknown
WANBURY.NS,Wanbury Limited,NSE,Unknown
WCIL.NS,Western Carriers (India) Limited,NSE,Unknown
WEALTH.NS,Wealth First Portfolio Managers Limited,NSE,Unknown
WEBELSOLAR.NS,Websol Energy System Limited,NSE,Unknown
WEIZMANIND.NS,Weizmann Limited,NSE,Unknown
WEL.NS,Wonder Electricals Limited,NSE,Unknown
WELCORP.NS,Welspun Corp Limited,NSE,Unknown
WELENT.NS,Welspun Enterprises Limited,NSE,Unknown
WELINV.NS,Welspun Investments and Commercials Limited,NSE,Unknown
WELSPUNLIV.NS,Welspun Living Limited,NSE,Unknown
WENDT.NS,Wendt (India) Limited,NSE,Unknown
WESTLIFE.NS,WESTLIFE FOODWORLD LIMITED,NSE,Unknown
WEWIN.NS,WE WIN LIMITED,NSE,Unknown
WEWORK.NS,WeWork India Management Limited,NSE,Unknown
WHEELS.NS,Wheels India Limited,NSE,Unknown
WHIRLPOOL.NS,Whirlpool of India Limited,NSE,Unknown
WILLAMAGOR.NS,Williamson Magor & Company Limited,NSE,Unknown
WINDLAS.NS,Windlas Biotech Limited,NSE,Unknown
WINDMACHIN.NS,Windsor Machines Limited,NSE,Unknown
WINSOME.NS,Winsome Yarns Limited,NSE,Unknown
WIPL.NS,The Western India Plywoods Limited,NSE,Unknown
WIPRO.NS,Wipro Limited,NSE,Unknown
WOCKPHARMA.NS,Wockhardt Limited,NSE,Unknown
WONDERLA.NS,Wonderla Holidays Limited,NSE,Unknown
WORTHPERI.NS,Worth Peripherals Limited,NSE,Unknown
WSI.NS,W S Industries (I) Limited,NSE,Unknown
WSTCSTPAPR.NS,West Coast Paper Mills Limited,NSE,Unknown
XCHANGING.NS,Xchanging Solutions Limited,NSE,Unknown
XELPMOC.NS,Xelpmoc Design And Tech Limited,NSE,Unknown
XPROINDIA.NS,Xpro India Limited,NSE,Unknown
XTGLOBAL.NS,Xtglobal Infotech Limited,NSE,Unknown
YAARI.NS,Yaari Digital Integrated Services Limited,NSE,Unknown
YASHO.NS,Yasho Industries Limited,NSE,Unknown
YATHARTH.NS,Yatharth Hospital & Trauma Care Services Limited,NSE,Unknown
YATRA.NS,Yatra Online Limited,NSE,Unknown
YESBANK.NS,Yes Bank Limited,NSE,Unknown
YUKEN.NS,Yuken India Limited,NSE,Unknown
ZAGGLE.NS,Zaggle Prepaid Ocean Services Limited,NSE,Unknown
ZEEL.NS,Zee Entertainment Enterprises Limited,NSE,Unknown
ZEELEARN.NS,Zee Learn Limited,NSE,Unknown
ZEEMEDIA.NS,Zee Media Corporation Limited,NSE,Unknown
ZENITHEXPO.NS,Zenith Exports Limited,NSE,Unknown
ZENITHSTL.NS,Zenith Steel Pipes & Industries Limited,NSE,Unknown
ZENSARTECH.NS,Zensar Technologies Limited,NSE,Unknown
ZENTEC.NS,Zen Technologies Limited,NSE,Unknown
ZFCVINDIA.NS,ZF Commercial Vehicle Control Systems India Limited,NSE,Unknown
ZIMLAB.NS,Zim Laboratories Limited,NSE,Unknown
ZODIAC.NS,Zodiac Energy Limited,NSE,Unknown
ZODIACLOTH.NS,Zodiac Clothing Company Limited,NSE,Unknown
ZOTA.NS,Zota Health Care LImited,NSE,Unknown
ZUARI.NS,Zuari Agro Chemicals Limited,NSE,Unknown
ZUARIIND.NS,ZUARI INDUSTRIES LIMITED,NSE,Unknown
ZYDUSLIFE.NS,Zydus Lifesciences Limited,NSE,Unknown
ZYDUSWELL.NS,Zydus Wellness Limited,NSE,Unknown
